return_id,other_text,issue,explanation,status,model,predicted_issue
RT000003,ab zarurat nahi hai jaldi pickup karo,changed_mind,Customer no longer needs the item.,success,,
RT000005,nahi chahiye bas 🙏,unclear,Comment does not provide a specific reason for return.,success,,
RT000008,ye mera order naih hai pls return,wrong_item,Customer states that the order received is not theirs.,success,,
RT000009,sir pink mangaya tha peach aaya,colour_mismatch,Customer received a different color than ordered.,success,,
RT000010,ab zarurat nahi hai very disappointed,changed_mind,Customer expresses disappointment and no longer needs the item.,success,,
RT000011,bekar exchange nahi chahiye,unclear,The comment does not provide a specific reason for the return.,success,,
RT000012,"hello, stitching kharab hai, dhaage nikal rahe jaldi pickup karo",quality,The comment indicates a problem with stitching and fabric quality.,success,,
RT000018,issue hai pls return,unclear,The comment does not specify the issue clearly.,success,,
RT000020,sir 😞 🙏,unclear,The comment does not provide a specific reason for the return.,success,,
RT000027,"sir material not as described, ye cotton nahi lagta",quality,The comment indicates that the material does not match the description.,success,,
RT000029,hi see through hai kapda refund chahiye,quality,"The fabric is see-through, indicating a quality issue.",success,,
RT000031,bhaiya 😞 very disappointed,unclear,The comment expresses disappointment without a specific reason.,success,,
RT000037,bhaiya mummy ko pasand nahi aaya very disappointed,changed_mind,"The item was not liked by the customer's mother, indicating a personal preference change.",success,,
RT000040,pls bekar exchange nahi chahiye,unclear,The comment states dissatisfaction without a specific reason.,success,,
RT000042,mam rang bilkul alag hai,colour_mismatch,The color is completely different from what was expected.,success,,
RT000043,bhaiya oversized lag raha hai jabki regular fit likha tha jaldi pickup karo,too_large,The item is oversized despite being labeled as regular fit.,success,,
RT000045,DUSRI JAGAH SATA MIL GAYA 🙏,changed_mind,The customer found the item elsewhere.,success,,
RT000046,acha nahi laga,unclear,The comment expresses dissatisfaction without a specific reason.,success,,
RT000047,hi colour alag hai photo se exchange nahi chahiye,colour_mismatch,The color of the item is different from the photo.,success,,
RT000048,"hello, ab zarurat nahi hai refund chahiye",changed_mind,The customer no longer needs the item.,success,,
RT000049,order bahut der se mila pls return,delivery_late,The comment indicates that the order was received very late.,success,,
RT000051,hi size chota hai !!,too_small,The comment states that the size is too small.,success,,
RT000053,"HI SIZE SMALL AAYA, MERA REGULAR M H EXCHANGE NAHI CHAHIYE",too_small,The comment indicates that a small size was received instead of the regular medium size.,success,,
RT000055,bhaiya wrong item received,wrong_item,The comment explicitly states that a wrong item was received.,success,,
RT000061,"bhaiya too big, ekdum dheela jaldi pickup karo",too_large,The comment indicates that the item is too big.,success,,
RT000062,hi time pe nahi aaya to ab kya karu !!,delivery_late,The comment indicates that the item did not arrive on time.,success,,
RT000065,pls packet khula tha aurk apde pe daag hai refund chahiye,damaged,The comment mentions that the packet was open and the item has a stain.,success,,
RT000068,sir functiion cancel ho gaya very disappointed,changed_mind,"The comment indicates that the function was canceled, leading to disappointment.",success,,
RT000069,mam dont need it anymore exchange nahi chahiye,changed_mind,The customer states they don't need the item anymore and do not want an exchange.,success,,
RT000070,rang bilkul alag hai,colour_mismatch,The comment indicates that the color is completely different from what was expected.,success,,
RT000074,"HI BAHUT LATE AAYA, FUNCTION NIKAL GAYA VERY DISAPPOINTED",delivery_late,"Customer states the item arrived very late, causing disappointment.",success,,
RT000079,"hi stitching kharab hai, dhaaage nikal rahe",quality,Customer mentions poor stitching with threads coming out.,success,,
RT000082,BHAIYA DELIVERY EM 12 DIN LAG GAYE EXCHANGE NAHI CHAHIYE,changed_mind,Customer indicates they do not want the exchange after a long delivery.,success,,
RT000087,fabric rough hai skin pe chubhta hai jaldi pickup karo,quality,Customer describes the fabric as rough and irritating to the skin.,success,,
RT000090,bhaiya hole hai sleeve pe 🙏,damaged,Customer reports a hole in the sleeve of the item.,success,,
RT000091,"hello, beti ke liye liya tha chhota pad gaya very disappointed",too_small,The item is too small for the intended recipient.,success,,
RT000092,...,unclear,The comment is not clear about the reason for return.,success,,
RT000093,sir delivery me 12 din lag gaye very disappointed,delivery_late,"The delivery took 12 days, which is considered late.",success,,
RT000094,SIZE CHOTA HAI 🙏,too_small,The size is too small as stated in the comment.,success,,
RT000096,"hello, material not as described, ye cotton nahi lagta 🙏",quality,The material does not match the description provided.,success,,
RT000097,delivery me 12 din lag gaye exchange nahi chahiye,delivery_late,Delivery took 12 days and the customer no longer wants the exchange.,success,,
RT000098,bahut loose hai,too_large,The item is too loose for the customer.,success,,
RT000103,sir bacche ke liye bahut bada hai jaldi pickup karo,too_large,The item is too big for the child.,success,,
RT000105,bahut tight h shoulders pe refund chahiye,too_small,The item is too tight at the shoulders.,success,,
RT000106,"pls too big, ekdum dheela refund chahiye",too_large,The item is too big and loose.,success,,
RT000108,pasand nahi aaya pls return,changed_mind,Customer does not like the item.,success,,
RT000111,oversized lag raha hai jabki regular fit likha tha exchange nahi chahiye,too_large,Item is oversized despite being labeled as regular fit.,success,,
RT000112,"loose fitting, mere size ka nahi lagta 🙏",too_large,Customer finds the fitting loose and not suitable for their size.,success,,
RT000116,"mam material not as described, ye cotton nahi lagta",quality,Material does not match the description; customer claims it's not cotton.,success,,
RT000118,size chota hai 🙏,too_small,Customer states the size is too small.,success,,
RT000120,"size M bahut tight hai, L lena padega 🙏",too_small,The customer finds size M too tight and needs a larger size.,success,,
RT000123,bada hai and colour bhi photo jaisa nahi,colour_mismatch,The customer mentions the item is too big and the color does not match the photo.,success,,
RT000124,sir bekar refund chahiye,unclear,The comment indicates dissatisfaction but does not specify a clear reason.,success,,
RT000125,smaller than usual size very disappointed,too_small,The customer states the item is smaller than usual and expresses disappointment.,success,,
RT000126,"hello, theek nai hai exchange nahi chahiye",unclear,The comment indicates dissatisfaction with no specific reason provided.,success,,
RT000127,hi tight hai jaldi pickup karo,too_small,The item is tight.,success,,
RT000131,XL bhi tight hai kya size h ye,too_small,The XL size is also tight.,success,,
RT000133,mustard bola tha ye to green yellow hai,colour_mismatch,The customer received a green-yellow item instead of mustard.,success,,
RT000138,-,unclear,The comment is not specific.,success,,
RT000139,"SIZE M BAHUT TIGHT HAI, L LENA PADEGA VERY DISAPPOINTED",too_small,"The M size is very tight, and the customer needs L.",success,,
RT000140,bhaiya theekn ahi hai exchange nahi chahiye,unclear,The comment does not specify a clear reason for the return.,success,,
RT000142,sir function cancel ho gaya 🙏,changed_mind,The customer indicates that an event (function) was cancelled.,success,,
RT000143,return,unclear,The comment only states 'return' without a specific reason.,success,,
RT000144,"hello, hole hai  sleeve pe pls return",damaged,"The comment mentions a hole in the sleeve, indicating damage.",success,,
RT000147,hi acha nahi laga,unclear,The comment states dissatisfaction without a specific reason.,success,,
RT000152,sir lentgh bhi kam hai aur tight bhi pls return,too_small,The item is too short and tight.,success,,
RT000153,mam shoulders gir rahe hain itna loose jaldi pickup karo,too_large,The shoulders are loose.,success,,
RT000154,"pls gift tha, unko pasand nahi aaya pls return",changed_mind,The gift was not liked by the recipient.,success,,
RT000158,hi order bahut der se mila,delivery_late,The order was received very late.,success,,
RT000160,mam dusri ajgah sasta mil gaya,changed_mind,The customer found a cheaper option elsewhere.,success,,
RT000164,bhaiya size chart se bada nikla exchange nahi chahiye,too_large,The size is larger than expected based on the size chart.,success,,
RT000165,bahut tight h shoulders pe,too_small,The item is too tight in the shoulders.,success,,
RT000166,"fabric achha nahi, fitting bhi tight",quality,The fabric quality is poor and the fitting is tight.,success,,
RT000171,mummy ko pasand nahi aaya refund chahiye,changed_mind,The item was not liked by the customer's mother.,success,,
RT000172,"hi bahut late aaya, function nikal gaya",delivery_late,"The item arrived very late, causing the function to be missed.",success,,
RT000176,bekar refund chahiye,unclear,The comment does not specify a clear reason for the return.,success,,
RT000177,hi time pe nahi aaya to ab kya karu exchange nahi chahiye,delivery_late,The comment indicates that the item did not arrive on time.,success,,
RT000178,"pls material not as described, ye cotton nahi lagta jaldi pickup karo",quality,The comment mentions that the material is not as described.,success,,
RT000179,pls same as before 🙏,unclear,The comment does not provide a specific reason for the return.,success,,
RT000180,accidentally order ho gaya !!,changed_mind,The comment indicates that the order was placed accidentally.,success,,
RT000181,mam अच्छा नहीं लगा very disappointed,unclear,The comment expresses disappointment without a specific reason.,success,,
RT000185,"size M bahut tight hai, L lena padega refund chahiye",too_small,The customer finds size M too tight and needs a larger size.,success,,
RT000188,PLS SEE THROUGH HAI KAPDA,quality,"The comment indicates that the fabric is see-through, suggesting a quality issue.",success,,
RT000189,bhaiya bacche ke liye bahut bada hai jaldi pickup karo,too_large,"The item is too big for the child, prompting a return.",success,,
RT000190,hi too loose at waist !!,too_large,The customer states the item is too loose at the waist.,success,,
RT000194,XL bhi ttight hai kya size h ye pls return,too_large,The customer finds the XL size too tight.,success,,
RT000195,mam time pe nahi aaya to ab kya karu,delivery_late,The customer states the item did not arrive on time.,success,,
RT000196,mind change ho gaya !!,changed_mind,The customer indicates a change of mind.,success,,
RT000200,colour alag hai aur quality bhi average,colour_mismatch,The customer mentions a different color and average quality.,success,,
RT000203,colour alag hai aur quality bhi average,colour_mismatch,The customer mentions a different color and average quality.,success,,
RT000204,thee nahi hai very disappointed,unclear,Comment does not specify a clear reason for return.,success,,
RT000206,late aaya aur packet bhi phata hua,damaged,The package was damaged upon delivery.,success,,
RT000208,bada hai and colour bhi photo jaisa nahi,colour_mismatch,"The color does not match the photo, and the item is too large.",success,,
RT000212,"hello, smaller than usual size refund chahiye",too_small,The item is smaller than the usual size.,success,,
RT000213,bhaiya button toota hua tha !!,damaged,The button was broken upon receipt.,success,,
RT000215,pehli dhulai me shrink ho gaya very disappointed,quality,"The product shrank after the first wash, indicating a quality issue.",success,,
RT000216,bhaiya theek nahi hai exchange nahi chahiye,unclear,The comment expresses dissatisfaction but does not specify a clear reason.,success,,
RT000217,sir ... very disappointed,unclear,The comment expresses disappointment without providing specific details.,success,,
RT000220,"HELLO, NO !!",unclear,The comment is vague and does not explain the reason for the return.,success,,
RT000225,"too small ,chest pe fit nahi hua",too_small,The item did not fit properly as it was too small for the chest.,success,,
RT000227,"sir late delivery, mehndi ke baad aaya",delivery_late,The comment states that the delivery was late.,success,,
RT000228,nahi chahye bas,unclear,The comment does not provide a specific reason for the return.,success,,
RT000229,"PLS BAHUT LATE AAYA, FNUCTION NIKAL GAYA EXCHANGE NAHI CHAHIYE",delivery_late,The comment indicates late delivery and mentions a function that was missed.,success,,
RT000230,pls ab zarurat nahih ai exchange nahi chahiye,changed_mind,The comment indicates that the customer no longer needs the item.,success,,
RT000232,wrong item received very disappointed,wrong_item,The comment states that the wrong item was received.,success,,
RT000235,"late delivery, mehndi ke baad aaya",delivery_late,The comment mentions late delivery.,success,,
RT000237,"hello, delivery me 12 din lag gaye 🙏",delivery_late,The comment states that delivery took 12 days.,success,,
RT000241,return,unclear,The comment only states 'return' without a specific reason.,success,,
RT000243,bhaiya dont need it anymore jaldi pickup karo,changed_mind,The comment indicates the customer no longer needs the item.,success,,
RT000246,pls very thin cloth,quality,"The comment describes the cloth as very thin, indicating a quality issue.",success,,
RT000258,"hello, stitching kharab hai, dhaage nikal rahe jaldi pickup karo",quality,Customer reports poor stitching and loose threads.,success,,
RT000262,"sir size M bahut tight hai, L lena padega refund chahiye",too_small,Customer finds size M too tight and needs size L.,success,,
RT000263,"bhaiya bahut late aaya, function nika lgaya refund chahiye",delivery_late,Customer states the item arrived very late.,success,,
RT000265,"SIR STITCHING KHARAB HAI, DHAAGE NIKAL RAHE PLS RETURN",quality,Customer mentions poor stitching and loose threads.,success,,
RT000267,colour alag hai aur quality bhi average,colour_mismatch,Customer indicates the color is different and quality is average.,success,,
RT000268,AB ZARURAT NAHI HAI JALDI PICKUP KARO,changed_mind,Customer indicates they no longer need the item.,success,,
RT000271,"hello, bahut late aaya, function nikal gaya exchange nahi chahiye",delivery_late,Customer states the item arrived late and they no longer want to exchange.,success,,
RT000272,"CHHOTA AA GAYA, SIZE CHART GALAT HAI REFUND CHAHIYE",too_small,Customer mentions the item is too small and the size chart is incorrect.,success,,
RT000275,hi oversized lag raha hai jabki regular fit likha tha !!,too_large,Customer states the item is oversized despite being labeled as regular fit.,success,,
RT000278,mam no pls return,unclear,Customer simply says 'no' to the return without providing a specific reason.,success,,
RT000280,hi order baahut der se mila,delivery_late,The comment states that the order was received very late.,success,,
RT000281,"hello, order bahut der se mila",delivery_late,The comment indicates that the order was received very late.,success,,
RT000282,"gift tha, unko pasand nahi aaya very disappointed",changed_mind,The comment mentions that the gift was not liked by the recipient.,success,,
RT000284,mam ok very disappointed,unclear,The comment expresses disappointment without a specific reason.,success,,
RT000286,"hello, delivery me 12 di nlag gaye refund chahiye",delivery_late,The comment indicates a delay in delivery and requests a refund.,success,,
RT000288,"hello, bacche ke liy bahut bada hai very disappointed",too_large,The item is too large for the child.,success,,
RT000289,.,unclear,The comment does not provide a specific reason.,success,,
RT000291,bhaiya length bi kam hai aur tight bhi exchange nahi chahiye,too_small,The item is too tight and the customer does not want an exchange.,success,,
RT000292,dont need it  anymore,changed_mind,The customer no longer needs the item.,success,,
RT000294,fabirc rough hai skin pe chubhta hai refund chahiye,quality,The fabric is rough and irritates the skin.,success,,
RT000295,bada hai and colour bhi photo jaisa nahi,too_large,The item is too big and the color does not match the photo.,success,,
RT000296,pls sleeves tight hai arms me !!,too_small,The sleeves are tight on the arms.,success,,
RT000297,mam nahi chahiye bas pls return,unclear,The comment does not provide a specific reason for the return.,success,,
RT000298,hi silai khuli hui thiaate hi pls return,damaged,"The stitching is open, indicating a damaged product.",success,,
RT000299,dusri jagah sasta mil gaya pls return,changed_mind,The customer found a cheaper option elsewhere.,success,,
RT000300,time pe nahi aaya to ab kya karu pls return,delivery_late,The comment states that the item did not arrive on time.,success,,
RT000303,"HELLO, TOO BIG, EKDUM DHEELA 🙏",too_large,The comment indicates that the item is too big.,success,,
RT000304,sir functino cancel ho gaya refund chahiye,changed_mind,"The comment mentions a cancellation of an event, leading to a refund request.",success,,
RT000305,"fabric achha nahi, fitting bhi tight",quality,The comment identifies issues with the fabric and fitting quality.,success,,
RT000306,hi accidentally order ho gaya pls return,changed_mind,The comment indicates that the order was placed accidentally.,success,,
RT000307,"hello, ye mera order nahi hai 🙏",wrong_item,The customer states that the order received is not theirs.,success,,
RT000308,bhaiya mummy ko pasand nahi aaya pls return,changed_mind,The customer's mother did not like the item.,success,,
RT000309,"pls loose fitting, mere size ka nhai lagta !!",too_large,The item is loose fitting and does not fit the customer's size.,success,,
RT000311,"hello, achanahi laga jaldi pickup karo",unclear,The comment expresses dissatisfaction without a specific reason.,success,,
RT000314,"hi bahut late aaya, function ikal gaya",delivery_late,The customer mentions that the item arrived very late.,success,,
RT000315,rang halka hai bahut,colour_mismatch,The comment indicates that the color is much lighter than expected.,success,,
RT000316,hi size se chota h exchange nahi chahiye,too_small,The comment states that the size is smaller than expected.,success,,
RT000317,sir dusr ijagah sasta mil gaya,changed_mind,The customer found the same item cheaper elsewhere.,success,,
RT000318,na,unclear,The comment is vague and does not provide a specific reason.,success,,
RT000320,hi length bahut zyada hai refund chahiye,too_large,The comment indicates that the length is much larger than expected.,success,,
RT000321,bhaiya साजइ़ छोटा है very disappointed,too_small,The item is too small for the customer.,success,,
RT000323,pls ...,unclear,The comment does not provide a specific reason for the return.,success,,
RT000324,"mam gift tha, unko pasand nahi aaya !!",changed_mind,The gift was not liked by the recipient.,success,,
RT000325,bhaiya ye  wala shade nahi tha website pe 🙏,colour_mismatch,The shade received does not match what was shown on the website.,success,,
RT000326,"fabric achha nahi, fitting bhi tight",quality,The fabric quality is poor and the fitting is tight.,success,,
RT000328,late aaya aur packet bhi phata hua,damaged,The package was damaged upon arrival.,success,,
RT000331,sir function cancel ho gaa refund chahiye,changed_mind,"The function was cancelled, leading to a refund request.",success,,
RT000332,pls pasand nahi aaya,unclear,The comment indicates dissatisfaction without a specific reason.,success,,
RT000335,bhaiya ...,unclear,The comment is incomplete and does not specify a reason.,success,,
RT000337,pls theke nahi hai,unclear,The comment expresses dissatisfaction without a specific reason.,success,,
RT000338,colour alag hai aur quality bhi average,colour_mismatch,The comment indicates a mismatch in color and mentions average quality.,success,,
RT000339,"Size small aaya, mera regular M h",too_small,The comment states that the size received is small compared to the regular size.,success,,
RT000343,bhaiya ok,unclear,The comment is vague and does not provide a specific reason for the return.,success,,
RT000348,dont need it anymore !!,changed_mind,The comment indicates that the customer no longer needs the item.,success,,
RT000349,colour alag hai aur quality bhi average,colour_mismatch,The comment indicates a mismatch in color and mentions average quality.,success,,
RT000350,"KURTI BAHUT FIT HAI, BREATHE NAHI KAR PA RAHI JALDI PICKUP KARO",quality,"Customer mentions the kurti is not breathable, indicating a quality issue.",success,,
RT000354,sir XLb hi tight hai kya size h ye exchange nahi chahiye,too_small,Customer states the XL size is tight and does not want an exchange.,success,,
RT000359,bhaiya doosra colour bhej diya !!,wrong_item,Customer received the wrong color.,success,,
RT000362,"fabric achha nahi, fitting bhi tight",quality,"Customer complains about the fabric and fitting, indicating quality issues.",success,,
RT000363,"late delivery, mehndi ke baad aaya",delivery_late,Customer states the delivery was late.,success,,
RT000365,late aaya aur packet bhi phata hua,damaged,The package was damaged and arrived late.,success,,
RT000366,very thin cloth jaldi pickup karo,quality,"The cloth is very thin, indicating a quality issue.",success,,
RT000367,pls length bahut zyada hai refund chahiye,too_large,"The length is too much, indicating the item is too large.",success,,
RT000371,length bahut zyada hia,too_large,"The length is too much, indicating the item is too large.",success,,
RT000372,"hello, ekw ash me rang chala gaya",colour_mismatch,"The color has faded, indicating a mismatch in expected quality.",success,,
RT000374,image me bright tha real me dull hai refund chahiye,colour_mismatch,The product's color is different from what was shown in the image.,success,,
RT000376,mam pls return refund chahiye,unclear,The comment does not specify a reason for the return.,success,,
RT000377,"hello, bacche ke liye bahut bada hai",too_large,The item is too big for the child.,success,,
RT000378,pls return,unclear,The comment does not specify a reason for the return.,success,,
RT000380,BHAIYA THEEK NAHI HAI PLS RETURN,unclear,The comment expresses dissatisfaction without a specific reason.,success,,
RT000382,hi not good pls return,unclear,The comment does not specify a clear reason for the return.,success,,
RT000383,different designa aya !!,wrong_item,The customer received a different design than expected.,success,,
RT000385,"hello, mustard bola tha ye to geren yellow hai !!",colour_mismatch,The customer received a different color than what was ordered.,success,,
RT000389,"fabric achha nahi, fitting bhi tight",quality,The customer mentioned poor fabric quality and tight fitting.,success,,
RT000390,"fabric achha nahi, fitting bhi tight",quality,The customer mentioned poor fabric quality and tight fitting.,success,,
RT000392,hi quality achhi nahi hai jaldi pickup karo,quality,Customer indicates poor quality of the product.,success,,
RT000393,"bhaiya size M bahut tight hai, L lena padega jaldi pickup karo",too_small,Customer states that size M is too tight and needs a larger size.,success,,
RT000397,sir fabric  cheap lag raha hai 🙏,quality,Customer describes the fabric as cheap.,success,,
RT000406,very thin cloth,quality,"Customer mentions the cloth is very thin, indicating a quality issue.",success,,
RT000407,"fabric achha nahi, fitting bhi tight",quality,Customer complains about both the fabric quality and tight fitting.,success,,
RT000411,"too small, chest pe fit nahi hua",too_small,The item did not fit well in the chest area.,success,,
RT000413,"material not as described, ye cotton nahi lagta !!",quality,"The material does not match the description, not feeling like cotton.",success,,
RT000414,deivery me 12 din lag gaye exchange nahi chahiye,delivery_late,"The delivery took 12 days, and the customer does not want an exchange.",success,,
RT000415,zip kaam nahi kar rahi 🙏,damaged,The zip is not functioning properly.,success,,
RT000416,late aaya aur packet bhi phata hua,damaged,The package was torn upon delivery.,success,,
RT000417,print utar raha hai 🙏,quality,The print is coming off.,success,,
RT000421,pls ok,unclear,The comment does not specify a clear reason for return.,success,,
RT000422,"mam gift tha, unko pasand nahi aaya",changed_mind,The gift was not liked by the recipient.,success,,
RT000423,"hi gift tha, unko pasand nahi aaya exchange nahi chahiye",changed_mind,The gift was not liked by the recipient and no exchange is desired.,success,,
RT000424,pls return,unclear,The comment does not specify a clear reason for return.,success,,
RT000430,bhaiya beti ke liye liya tha chhota pad gaya 🙏,too_small,The item is too small for the intended recipient.,success,,
RT000432,mam mind hcange ho gaya very disappointed,changed_mind,The customer has changed their mind about the purchase.,success,,
RT000433,colour mismattch 🙏,colour_mismatch,The customer received an item with a color mismatch.,success,,
RT000435,mam order bahut der se mila exchange nahi chahiye,delivery_late,The order was received very late.,success,,
RT000436,THEEK NAHI HAI REFUND CHAHIYE,unclear,The comment expresses dissatisfaction without a specific reason.,success,,
RT000444,bada hai and colour bhi photo jaisa nahi,too_large,The item is too large and the color does not match the photo.,success,,
RT000448,mam not as expected !!,unclear,The comment indicates dissatisfaction but does not specify a reason.,success,,
RT000449,BHAIYA PLS RETURN,unclear,The comment requests a return without providing a specific reason.,success,,
RT000450,bhaiya time pe nahi aaya o ab kya karu,delivery_late,The item did not arrive on time.,success,,
RT000453,sir pasand nahi aayya 🙏,unclear,The comment indicates the item was not liked but does not specify why.,success,,
RT000456,"fabric achha nahi, fitting bhi tight",quality,The comment indicates poor fabric quality and tight fitting.,success,,
RT000457,mam fitting bahut tight hai yaar very disappointed,too_small,The comment explicitly states that the fitting is very tight.,success,,
RT000461,"hi size M bahut tight hai, L lena padega",too_small,The customer mentions that size M is too tight and needs to switch to size L.,success,,
RT000462,"hello, late delivery, mehndi ke baad aaya 🙏",delivery_late,The comment states that the delivery was late.,success,,
RT000463,bhaiya order bahut der se mila pls return,delivery_late,The customer mentions that the order arrived very late.,success,,
RT000465,mummy ko pasand nahi aaya !!,changed_mind,Customer's mother did not like the item.,success,,
RT000467,bhaiya length bhi kam hai aur ight bhi,too_small,Customer mentioned the length and width are insufficient.,success,,
RT000468,😞 pls return,unclear,Comment does not specify a reason for return.,success,,
RT000470,hi kapda bahut patla hai,quality,Customer stated the fabric is very thin.,success,,
RT000472,mam nah chahiye bas !!,unclear,Comment does not specify a reason for return.,success,,
RT000474,colour fade sa hai photo jaisa nahi refund chahiye,colour_mismatch,The customer indicates that the color has faded and does not match the photo.,success,,
RT000475,time pe nahi aaya to ab kya karu very disappointed,delivery_late,The customer is disappointed because the item did not arrive on time.,success,,
RT000477,ye wala shade nahi tha website pe jaldi pickup karo,colour_mismatch,The customer received a shade that was not shown on the website.,success,,
RT000478,pls doosra colour bhej diya jaldi pickup karo,wrong_item,The customer received a different color than what was ordered.,success,,
RT000480,...,unclear,The comment is vague and does not provide a specific reason for the return.,success,,
RT000485,pasand nahi aaya exchange nahi chahiye,changed_mind,Customer does not like the item and does not want an exchange.,success,,
RT000488,hi dusri jagah sasta mil gaya pls return,changed_mind,Customer found the item cheaper elsewhere and wants to return it.,success,,
RT000489,"hi bahut late aaya, function nikal gaya",delivery_late,Customer states the item arrived very late and missed an event.,success,,
RT000494,bekar jaldi pickup karo,unclear,Customer expresses dissatisfaction without a specific reason.,success,,
RT000496,DELIVERY ME 12 DIN LAG GAYE EXCHANGE NAHI CHAHIYE,delivery_late,Customer mentions a long delivery time and does not want an exchange.,success,,
RT000498,order bahut der se mila very disappointed,delivery_late,The comment indicates disappointment due to late delivery.,success,,
RT000502,mam mind changeho gaya,changed_mind,The comment explicitly states a change of mind.,success,,
RT000504,pls time pe nahi aaya to ab kya karu refund chahiye,delivery_late,The comment mentions that the item did not arrive on time.,success,,
RT000509,hi mummy ko pasand nah iaaya refund chahiye,changed_mind,The comment indicates that the item was not liked by the customer's mother.,success,,
RT000510,pasand nahi aaya,unclear,The comment simply states that the item was not liked without further explanation.,success,,
RT000511,"hello, different design aaya 🙏",wrong_item,The customer received a different design than expected.,success,,
RT000514,bhaiya mind change ho gaya,changed_mind,The customer explicitly stated a change of mind.,success,,
RT000515,sir अच्छा नहीं लगा 🙏,unclear,The comment expresses dissatisfaction without a specific reason.,success,,
RT000518,"sir gift tha, unko pasand nahi aaya",changed_mind,"The gift recipient did not like the item, indicating a change of preference.",success,,
RT000520,mam doosra colour bhej diya exchange nahi chahiye,colour_mismatch,The customer received a different color and does not want an exchange.,success,,
RT000522,sir not as expected pls return,unclear,The comment indicates dissatisfaction but does not specify a clear reason.,success,,
RT000526,oversized lag raha hai jabki regular fit likha tha pls return,too_large,The customer mentions the item is oversized despite being labeled as regular fit.,success,,
RT000529,hi order bahut der se mila,delivery_late,The customer states that the order arrived very late.,success,,
RT000530,pls bahut tight h shoulders pe very disappointed,too_small,The customer indicates the item is too tight in the shoulders.,success,,
RT000532,bhaiya bekar 🙏,unclear,The comment expresses general dissatisfaction without a specific reason.,success,,
RT000533,mam siz chart pe 38 likha tha but 36 jaisa hai !!,too_small,The size received is smaller than what was indicated on the size chart.,success,,
RT000534,HI LENGTH BHI KAM HAI AUR TIGHT BHI,too_small,"The item is both short in length and tight, indicating it is too small.",success,,
RT000537,"hello, bekar 🙏",unclear,The comment expresses general dissatisfaction without a specific reason.,success,,
RT000541,"bahut late aaya, function nikal gaya exchange nahi chahiye",delivery_late,"The item was delivered late, and the customer no longer wants to exchange it.",success,,
RT000543,ek wash me rangg chala gaya !!,damaged,"The color faded after one wash, indicating a quality issue with the fabric.",success,,
RT000544,"hello, mind change ho gyaa",changed_mind,Customer indicates a change of mind.,success,,
RT000545,कपड़ा बहुत पतला है !!,quality,Customer mentions the fabric is very thin.,success,,
RT000546,"sir bahut late aaya, function nikal gaya",delivery_late,Customer states the item arrived very late.,success,,
RT000550,"HELLO, FUNCTION CANCEL HO GAYA",changed_mind,Customer indicates the function was canceled.,success,,
RT000551,different design aaya,wrong_item,Customer received a different design.,success,,
RT000555,"hello, same as before 🙏",unclear,The comment does not provide a specific reason for the return.,success,,
RT000556,mam smaller than usual size jaldi pickup karo,too_small,The comment indicates that the item is smaller than the usual size.,success,,
RT000557,late aaya aur packet bhi phata hua,damaged,The comment mentions that the packet is damaged.,success,,
RT000558,late aaya aur packet bhi phata hua,damaged,The comment mentions that the packet is damaged.,success,,
RT000560,pls mind change ho gaya pls return,changed_mind,The comment explicitly states a change of mind regarding the return.,success,,
RT000561,pls return pls return,unclear,The comment does not specify a reason for the return.,success,,
RT000564,hi acha nahi lgaa jaldi pickup karo,unclear,The comment expresses dissatisfaction without a specific reason.,success,,
RT000566,same as before exchange nahi chahiye,changed_mind,The comment indicates a decision not to proceed with the exchange.,success,,
RT000569,"hello, colour mismatch exchange nahi chahiye",colour_mismatch,The comment explicitly mentions a colour mismatch.,success,,
RT000571,"fabric achha nahi, fitting bhi tight",quality,The comment identifies issues with fabric quality and fitting.,success,,
RT000572,"mam bahut late aaya, function nikal gaya very disappointed",delivery_late,The comment states that the item arrived very late and the function was missed.,success,,
RT000573,bhaiya pls return jaldi pickup karo,unclear,The comment requests a quick pickup but does not specify a reason for the return.,success,,
RT000574,late aaya aur packet bhi phata hua,damaged,"The comment mentions that the packet was torn, indicating damage.",success,,
RT000576,colour alag hai aur quality bhi average,colour_mismatch,The comment states that the color is different and mentions average quality.,success,,
RT000577,"size m bahut tight hai,  l lena padega 🙏",too_small,The comment indicates that the size M is too tight and suggests needing a larger size.,success,,
RT000578,hi nahi chahiye bas,unclear,The comment does not provide a specific reason for the return.,success,,
RT000579,"hello, quality achhi nahi hai pls return",quality,The comment explicitly states that the quality is not good.,success,,
RT000581,bhaiya pasand nahi aaya pls return,unclear,The comment indicates dissatisfaction but does not specify a reason.,success,,
RT000583,delivery me 12 din lag gaye refund chahiye,delivery_late,The comment states that delivery took too long.,success,,
RT000584,HI OK,unclear,The comment does not provide a specific reason for the return.,success,,
RT000586,hi no,unclear,Comment does not provide a specific reason for the return.,success,,
RT000587,late aaya aur packet bhi phata hua,damaged,The package was received damaged.,success,,
RT000588,pls image me bright tha real me dull hai very disappointed,colour_mismatch,The item received is dull compared to the bright image.,success,,
RT000589,hi size se chota h exchange nahi chahiye,too_small,The item is smaller than expected.,success,,
RT000591,DELIVERY ME 12 DIN LG GAYE REFUND CHAHIYE,delivery_late,"The delivery took 12 days, which is considered late.",success,,
RT000593,hi damaged piece rceeived exchange nahi chahiye,damaged,The comment indicates that a damaged piece was received.,success,,
RT000594,galat product aaya 🙏,wrong_item,The comment states that the wrong product was received.,success,,
RT000604,-,unclear,The comment is not specific and does not provide a clear reason.,success,,
RT000605,hi size chota hai !!,too_small,The comment indicates that the size is too small.,success,,
RT000612,"hello, acha nahi laga refund chahiye",unclear,The comment expresses dissatisfaction without a specific reason.,success,,
RT000613,mam shoulders gir rahe hain itna loose exchange nahi chahiye,too_large,The item is too loose and the customer does not want an exchange.,success,,
RT000615,bada hai and colour bhi photo jaisa nahi,too_large,The item is too big and the color does not match the photo.,success,,
RT000616,na,unclear,The comment is vague and does not provide a specific reason.,success,,
RT000617,hi issue hai !!,unclear,The comment does not specify the issue clearly.,success,,
RT000621,sir ab zarurat nahi hai jaldi pickup karo,changed_mind,The customer no longer needs the item and requests a quick pickup.,success,,
RT000622,size chota hai !!,too_small,The comment indicates that the size is too small.,success,,
RT000626,sir accidentally order ho gaya refund chahiye,changed_mind,The comment indicates an accidental order and a request for a refund.,success,,
RT000627,.,unclear,The comment is not specific and does not provide a clear reason.,success,,
RT000629,hi nahi chahiye bs exchange nahi chahiye,unclear,The comment indicates a lack of desire for the item but does not specify a reason.,success,,
RT000632,hi button toota hua tha pls return,damaged,"The comment states that a button was broken, indicating damage to the product.",success,,
RT000633,size chota hai aur kapda bhi patla,too_small,The size is too small and the fabric is thin.,success,,
RT000637,late aaya aur packet bhi phata hua,damaged,The package was late and also damaged.,success,,
RT000638,sir time pe nahi aaya to ab kya karu,delivery_late,The item did not arrive on time.,success,,
RT000639,HI PASAND NAHI AAYA,unclear,The comment indicates dissatisfaction without a specific reason.,success,,
RT000640,colour alag hai aur quality bhi average,colour_mismatch,The color is different and the quality is average.,success,,
RT000642,colour alag hai aur quality bhi average,colour_mismatch,The comment indicates a mismatch in color and mentions average quality.,success,,
RT000645,hi dont need itanymore,changed_mind,The comment states the customer no longer needs the item.,success,,
RT000646,hi कपड़ा बहुत पतला है very disappointed,quality,"The comment expresses disappointment with the thin fabric, indicating a quality issue.",success,,
RT000648,dusri jagah sasta mil gaya 🙏,changed_mind,"The customer found a cheaper option elsewhere, indicating a change in preference.",success,,
RT000649,bhaiya different design aaya,wrong_item,The comment indicates that a different design was received.,success,,
RT000652,pls delivery me 12 di nlag gaye,delivery_late,The comment indicates a delay in delivery.,success,,
RT000654,"hello, dusri jagah sasta mil gaya 🙏",changed_mind,The customer found a cheaper option elsewhere.,success,,
RT000655,bada hai and colour bhi photo jaisa nahi,colour_mismatch,The customer states the color is not as shown in the photo.,success,,
RT000658,bhaiya oversized lag raha hai jabki regular fit likha tha pls return,too_large,The item is described as oversized despite being labeled as regular fit.,success,,
RT000660,bhaiya nahi chahiye bas pls return,unclear,The comment does not provide a specific reason for the return.,success,,
RT000664,see through hai kapda !!,quality,"The fabric is see-through, indicating a quality issue.",success,,
RT000665,late aaya aur packet bhi phata hua,damaged,The packet was damaged upon delivery.,success,,
RT000669,issue hai,unclear,The comment is vague and does not specify a clear reason.,success,,
RT000670,smaller than usual size 🙏,too_small,The item is smaller than the usual size.,success,,
RT000673,hi M mangaya tha bada aaya exchange nahi chahiye,changed_mind,The customer ordered a larger size but does not want to exchange it.,success,,
RT000676,mam colour fade sa hai photo jaisa nahi pls return,colour_mismatch,The customer states that the color has faded and does not match the photo.,success,,
RT000679,bhaiya pasand nahi aayya refund chahiye,changed_mind,The customer expresses that they did not like the item and are requesting a refund.,success,,
RT000682,"hello, pls retuurn",unclear,The comment only requests a return without providing a specific reason.,success,,
RT000684,"hello, rang bilkul alag hai very disappointed",colour_mismatch,The customer mentions that the color is completely different and expresses disappointment.,success,,
RT000685,bhaiya pink mangaya tha ppeach aaya,colour_mismatch,"The customer ordered pink but received peach, indicating a color mismatch.",success,,
RT000686,sir kapda bahut patla hai jaldi pickup karo,quality,The fabric is too thin.,success,,
RT000689,"HELLO, MAINE KURTI MANGAYI THI TOP AAYA JALDI PICKUP KARO",wrong_item,The customer received a top instead of the kurti they ordered.,success,,
RT000692,mam tight hai refund chahiye,too_small,The item is too tight for the customer.,success,,
RT000693,mam delivery me 12 din lag gaye pls return,delivery_late,The delivery took 12 days.,success,,
RT000695,"hello, अच्छा नहीं लगा 🙏",unclear,The customer expressed general dissatisfaction without a specific reason.,success,,
RT000696,size chota hai aur kapda bhi patla,too_small,The size is too small and the fabric is thin.,success,,
RT000698,bekar exchange nahi chahiye,unclear,The comment indicates dissatisfaction without a specific reason.,success,,
RT000702,mam size chota hai,too_small,The size is too small.,success,,
RT000703,"hello, late delivery, mehndi ke baad aaya",delivery_late,The delivery was late.,success,,
RT000704,dont need i tanymore 🙏,changed_mind,The customer no longer needs the item.,success,,
RT000706,"fabric achha nahi, fitting bhi tight",quality,Customer mentioned poor fabric quality and tight fitting.,success,,
RT000707,size chota hai aur kapda bhi patla,too_small,Customer stated the size is small and the fabric is thin.,success,,
RT000708,accidentally order ho gaya,changed_mind,Customer indicated the order was placed accidentally.,success,,
RT000709,shoulders gir  rahe hain itna loose refund chahiye,too_large,Customer mentioned the shoulders are loose and requested a refund.,success,,
RT000710,"bahut late aaya, function nikal gaya",delivery_late,Customer complained about late delivery affecting their function.,success,,
RT000712,hi theek nahi hai pls return,unclear,Comment does not specify a clear reason for return.,success,,
RT000714,.,unclear,Comment is not informative.,success,,
RT000716,length bhi kam hai aur tight bhi,too_small,Comment indicates the item is tight and short.,success,,
RT000718,bhaiya function cancel ho gaya,changed_mind,Customer indicates a change in circumstances due to a canceled function.,success,,
RT000719,BEKAR JALDI PICKUP KARO,unclear,Comment expresses dissatisfaction but lacks specific details.,success,,
RT000720,sir no,unclear,The comment does not provide a specific reason for the return.,success,,
RT000726,hi order bahut der se mila,delivery_late,The comment states that the order was received very late.,success,,
RT000729,size se chotta h,too_small,The comment indicates that the size is smaller than expected.,success,,
RT000734,"mam late edlivery, mehndi ke baad aaya very disappointed",delivery_late,The comment mentions late delivery and expresses disappointment.,success,,
RT000736,issue hai jaldi pickup karo,unclear,The comment does not specify the issue clearly.,success,,
RT000738,sir delivery me 12 idn lag gaye,delivery_late,Customer mentions a delay in delivery.,success,,
RT000739,MIND CHANGE HO GAYA !!,changed_mind,Customer indicates a change of mind.,success,,
RT000740,"PLS LATE DELIVERY, MEHNDI KE BAAD AAYA JALDI PICKUP KARO",delivery_late,Customer states the delivery was late.,success,,
RT000741,dont need it anymore exchange nahi chahiye,unclear,Customer says they don't need it anymore without a specific reason.,success,,
RT000745,"hello, function cancel o gaya",changed_mind,Customer indicates a change of mind due to a canceled function.,success,,
RT000746,"pls too big, ekdum dheela pls return",too_large,The item is too big and loose.,success,,
RT000748,PLS EK WASH ME RANG CHALA GAYA,quality,The color faded after one wash.,success,,
RT000750,अच्छा नहीं लगा jaldi pickup karo,unclear,The comment expresses dissatisfaction without a specific reason.,success,,
RT000751,hi mind change ho gaya exchange nahi chahiye,changed_mind,The customer changed their mind and does not want an exchange.,success,,
RT000754,acha nahi laga,unclear,The comment expresses dissatisfaction without a specific reason.,success,,
RT000755,issue hai very disappointed,unclear,Comment does not specify the exact reason for disappointment.,success,,
RT000756,pls mummy ko pasand nahi aaya very disappointed,changed_mind,The item was not liked by the customer's mother.,success,,
RT000758,"hi bahut late aaya, function nkial gaya refund chahiye",delivery_late,"The item arrived late, causing the function to be missed.",success,,
RT000759,sir color is diffreent from image pls return,colour_mismatch,The color of the item is different from the image.,success,,
RT000763,bhaiya fabric cheap lag rah hai pls return,quality,The fabric is perceived as cheap.,success,,
RT000765,sir mummy ko pasand nahi aaya exchange nahi chahiye,changed_mind,Customer's mother did not like the item and does not want an exchange.,success,,
RT000766,sir length bhi kam hai aur tight bhi 🙏,too_small,Customer mentions the length is short and the item is tight.,success,,
RT000767,"bhaiya late delivery, mehndi ke baad aaya jaldi pickup karo",delivery_late,Customer states the delivery was late.,success,,
RT000768,sir return pls return,unclear,Customer simply requests a return without providing a specific reason.,success,,
RT000770,mam dont need it anmyore,changed_mind,Customer indicates they no longer need the item.,success,,
RT000774,"Size small aaya, mera regular M h !!",too_small,The customer received a size small instead of their regular medium.,success,,
RT000776,silai khuli hui thi aate hi !!,damaged,The stitching was open upon arrival.,success,,
RT000777,wrong itm received pls return,wrong_item,The customer received the wrong item.,success,,
RT000780,"late delivery, mehndi ke baad aaya jaldi pickup karo",delivery_late,"The delivery was late, arriving after the event.",success,,
RT000783,pls ab zarurat nahi hai very disappointed,changed_mind,The customer no longer needs the item and is disappointed.,success,,
RT000784,time pe nahi aaya to a bkya karu,delivery_late,The comment indicates that the item did not arrive on time.,success,,
RT000786,sir odrer bahut der se mila,delivery_late,The comment states that the order was received very late.,success,,
RT000787,hi acha nahi laga refund chahiye,unclear,The comment expresses dissatisfaction without a specific reason.,success,,
RT000793,same as before exchange nahi chahiye,changed_mind,The comment indicates that the customer does not want an exchange.,success,,
RT000795,"hello, ok !!",unclear,The comment is vague and does not provide a specific reason for return.,success,,
RT000798,accidentallyo rder ho gaya exchange nahi chahiye,changed_mind,Customer indicates they no longer want the item due to accidental order.,success,,
RT000799,MAM COLOUR MISMATCH JALDI PICKUP KARO,colour_mismatch,Customer reports a mismatch in color and requests a quick pickup.,success,,
RT000801,mam size cchota hai 🙏,too_small,Customer states the size is too small.,success,,
RT000802,late aaya aur packet bhi phata hua,damaged,Customer mentions the package was damaged upon late delivery.,success,,
RT000804,sir issue hia refund chahiye,unclear,Customer requests a refund but does not specify the issue clearly.,success,,
RT000809,HI MAINE KURTI MANGAYI THI TOP AAYA,wrong_item,The customer received the wrong item (top instead of kurti).,success,,
RT000810,"hello, order bahut der se mila",delivery_late,The customer stated that the order was received very late.,success,,
RT000814,"hello, size se chota h jaldi pickup karo",too_small,The customer mentioned that the size is smaller than expected.,success,,
RT000818,rang halka haib ahut,colour_mismatch,The customer indicated that the color is lighter than expected.,success,,
RT000821,hi quality bilkul bekar 🙏,quality,The customer expressed that the quality is very poor.,success,,
RT000824,"mam bahut late aaya, function nikal gaya pls return",delivery_late,"The item arrived late, causing the function to be missed.",success,,
RT000825,"hello, colour mismatch very disappointed",colour_mismatch,The customer is disappointed due to a mismatch in color.,success,,
RT000826,... 🙏,unclear,The comment does not provide a specific reason for the return.,success,,
RT000830,BHAIYA QUALITY ACHHI NAHI HAI EXCHANGE NAHI CHAHIYE,quality,The customer indicates a problem with the quality of the product.,success,,
RT000832,sleeves tight hai arms me jaldi pickup karo,too_small,"The sleeves are tight, indicating the item is too small.",success,,
RT000834,hi mind change ho gaya,changed_mind,Customer indicates a change of mind.,success,,
RT000836,"hello, ab zarurat nahi hai very disappointed",unclear,Comment expresses disappointment but lacks a specific reason.,success,,
RT000845,"mam bahut late aaya, functioon nikal gaya refund chahiye",delivery_late,Customer states the item arrived late and missed an event.,success,,
RT000848,pls theek nahi hi 🙏,unclear,Comment does not provide a specific reason for return.,success,,
RT000850,hi smallerthan usual size 🙏,too_small,Customer mentions the item is smaller than usual.,success,,
RT000851,length bahut zyada hai !!,too_large,The length of the item is too much.,success,,
RT000852,bhaiya issue hi exchange nahi chahiye,changed_mind,The customer does not want an exchange.,success,,
RT000853,sir sleeves tight hai arms me pls return,too_small,The sleeves are tight on the arms.,success,,
RT000855,MAM NOT GOOD,unclear,The comment is vague and does not specify a reason.,success,,
RT000857,"BHAIYA BAHUT LATE AAYA, FUNCTION NIKAL GAYA !!",delivery_late,"The item arrived very late, causing the customer to miss a function.",success,,
RT000858,sir button toota hua tha,damaged,The button was broken.,success,,
RT000860,pls bacche ke liye bauht bada hai !!,too_large,The item is too big for the child.,success,,
RT000861,mam pasand nahi aaya,unclear,The comment indicates dislike without a specific reason.,success,,
RT000863,"hello, not good pls return",unclear,The comment states dissatisfaction without a specific reason.,success,,
RT000864,pls function cancel ho gaya 🙏,changed_mind,"The function was canceled, leading to a change of mind.",success,,
RT000865,"too big, ekdum dheela",too_large,The item is too big and loose.,success,,
RT000866,hi different design aaya,wrong_item,A different design was received.,success,,
RT000868,pls waist pe nahi aaya !!,too_small,The item did not fit at the waist.,success,,
RT000869,late aaya aur packet bhi phata hua,damaged,The package was damaged and arrived late.,success,,
RT000874,"bahut late aaya, function nikal  gaya exchange nahi chahiye",delivery_late,The item arrived very late and the exchange is not needed.,success,,
RT000882,late aaya aur packet bhi phata hua,damaged,The package was damaged upon arrival.,success,,
RT000886,bhaiya nahi chahiye bas,unclear,The comment does not specify a clear reason for the return.,success,,
RT000887,colour alag hai aur quality bhi average,colour_mismatch,The customer mentioned a mismatch in color and average quality.,success,,
RT000888,sir accidentaly order ho gaya,changed_mind,The customer indicated that the order was made accidentally.,success,,
RT000894,bhaiya no 🙏,unclear,The comment does not provide a specific reason for the return.,success,,
RT000895,function cancel ho gaya,changed_mind,The event was cancelled.,success,,
RT000896,sir nahi chahiye bas,unclear,The comment does not provide a specific reason for the return.,success,,
RT000897,pls smaller thna usual size,too_small,The customer indicates the item is smaller than usual.,success,,
RT000902,hi acha nahi laga refund chahiye,unclear,The comment expresses dissatisfaction without a specific reason.,success,,
RT000903,sir fabric cheap lag raha hai !!,quality,The customer mentions the fabric feels cheap.,success,,
RT000906,m mangaya thab ada aaya refund chahiye,unclear,The comment does not specify a clear reason for the return.,success,,
RT000908,bhaiya ...,unclear,The comment is vague and does not provide a specific reason.,success,,
RT000915,BHAIYA DELIVERY ME 12 DIN LAG GAYE VERY DISAPPOINTED,delivery_late,The customer is disappointed due to late delivery.,success,,
RT000922,mam dusri jagah sasta mil gaya,changed_mind,The customer found a cheaper option elsewhere.,success,,
RT000923,button otota hua tha jaldi pickup karo,damaged,"The button was broken, indicating a damaged product.",success,,
RT000924,hi colour fade sa hai photo jaisa ahi,colour_mismatch,The customer indicates that the color has faded and does not match the photo.,success,,
RT000926,mam pls return,unclear,The comment does not provide a specific reason for the return.,success,,
RT000927,late aaya aur packet bhi phata hua,damaged,The customer mentions that the package was late and also damaged.,success,,
RT000930,bada hai and colour bhi photo jaisa nahi,too_large,The customer states that the item is too large and the color does not match the photo.,success,,
RT000932,"hello, material not as described, ye cotton nahi lagta",quality,The customer claims that the material is not as described and does not feel like cotton.,success,,
RT000933,reurn refund chahiye,unclear,The comment does not specify a reason for the return.,success,,
RT000934,bhaiya issue hai pls return,unclear,The comment does not provide a specific reason for the return.,success,,
RT000936,"mam late delivery, mehndi ke baad aaya",delivery_late,The comment explicitly mentions late delivery.,success,,
RT000938,pls dusri jagah sasta mil gaya jaldi pickup karo,changed_mind,The customer found a cheaper option elsewhere.,success,,
RT000940,"pls giftt ha, unko pasand nahi aaya",changed_mind,The gift was not liked by the recipient.,success,,
RT000942,hi mustard ola tha ye to green yellow hai exchange nahi chahiye,colour_mismatch,The customer received a different color than expected.,success,,
RT000943,mam mummy ko pasand nahi aaya,changed_mind,The customer's mother did not like the item.,success,,
RT000945,bhaiya very thin cloth,quality,The customer mentioned that the cloth is very thin.,success,,
RT000947,color is different from image !!,colour_mismatch,The color received is different from the image.,success,,
RT000949,pls 😞 exchange nahi chahiye,changed_mind,The customer does not want an exchange.,success,,
RT000950,no,unclear,The comment does not provide a specific reason for the return.,success,,
RT000951,bhaiya 😞 very disappointed,unclear,The comment expresses disappointment but does not specify a reason.,success,,
RT000952,sir accidentally order ho gaya,changed_mind,The comment indicates an accidental order.,success,,
RT000954,"hello, length bhi kam hai aur tight bhi 🙏",too_small,The comment mentions that the length is short and the item is tight.,success,,
RT000955,waist pe nahi aaya jaldi pickup karo,too_large,The comment indicates that the waist does not fit.,success,,
RT000956,"SIR STITCHING KHARAB HAI, DAAGE NIKAL RAHE",quality,Customer reported poor stitching and loose threads.,success,,
RT000957,hi silai khuli hui thi aate hi,damaged,Customer mentioned that the stitching was open upon arrival.,success,,
RT000960,isssue hai jaldi pickup karo,unclear,Comment does not specify a clear reason for return.,success,,
RT000964,SIR SIZE CHART SE BADANIKLA REFUND CHAHIYE,too_large,Customer indicated the size was incorrect according to the size chart.,success,,
RT000965,"HELLO, SIEZ CHOTA HAI REFUND CHAHIYE",too_small,Customer stated that the size is too small.,success,,
RT000966,"hello, chhota aa gaya, size chart galat hai !!",too_small,The item is smaller than expected due to an incorrect size chart.,success,,
RT000968,delivery me 12 din lag gaye 🙏,delivery_late,"The delivery took 12 days, which is considered late.",success,,
RT000969,function cance ho gaya jaldi pickup karo,changed_mind,"The function was cancelled, leading to a change in preference.",success,,
RT000973,pasand nahi aaya 🙏,unclear,The comment expresses dissatisfaction without a specific reason.,success,,
RT000974,FUNCITON CANCEL HO GAYA 🙏,changed_mind,"The function was cancelled, leading to a change in preference.",success,,
RT000983,"pls size m bahut tight hai, l lena padega very disappointed",too_small,The customer finds size M too tight and needs a larger size.,success,,
RT000985,packet geela tha kapda kharab !!,damaged,The package was wet and the fabric is damaged.,success,,
RT000986,"sir loose fitting, mere size ka nahi lagta exchange nahi chahiye",too_large,The customer states the fitting is loose and does not fit their size.,success,,
RT000988,.,unclear,The comment is vague and does not provide a specific reason.,success,,
RT000992,pls button toota hua tha jaldi pickup karo,damaged,"The button is broken, indicating a damaged product.",success,,
RT000993,fabric rough hai skin pe chubhta hai pls return,quality,The fabric is rough and irritates the skin.,success,,
RT000995,hi image me bright tha real me dull hai 🙏,colour_mismatch,The item appears dull in reality compared to the bright image.,success,,
RT000996,hi not as expected refund chahiye,unclear,The comment states 'not as expected' without specifying a reason.,success,,
RT000997,"MAM MATERIAL NOT AS DESCRIBED, YE COTTON NAHI LAGTA EXCHANGE NAHI CHAHIYE",quality,The material does not match the description and is not cotton.,success,,
RT000998,hi issue hai refund chahiye,unclear,The comment states 'issue hai' without providing specific details.,success,,
RT001000,-,unclear,Comment does not provide a specific reason.,success,,
RT001002,function cncel ho gaya,changed_mind,Cancellation of an event indicates a change in circumstances.,success,,
RT001005,sir size bada hai jaldi pickup karo,too_large,Customer states the size is too big.,success,,
RT001006,pls nahi chahiy ebas refund chahiye,unclear,Comment indicates a desire for a refund without a specific reason.,success,,
RT001012,"gift tha, unko pasand nahi aaya exchange nahi chahiye",changed_mind,"The gift was not liked, indicating a change in preference.",success,,
RT001013,colour alag hai photo se refund chahiye,colour_mismatch,The color is different from the photo.,success,,
RT001014,function cancel ho gaya jaldi pickup karo,changed_mind,The function got canceled.,success,,
RT001017,hi beti ke liye liya tha chhota pad gaya pls return,too_small,The item is too small for the intended recipient.,success,,
RT001028,"hello, button toota hua tha exchange nahi chahiye",damaged,The button was broken.,success,,
RT001030,sir oversized lag raha hai jabki regular fit likha tha exchange nahi chahiye,too_large,The item is oversized despite being labeled as regular fit.,success,,
RT001037,"fabric achha nahi, fitting bhi tight",quality,Customer mentions poor fabric quality and tight fitting.,success,,
RT001038,bhaiya time pe nahi aaya to ab kya karu refund chahiye,delivery_late,Customer states the item did not arrive on time and requests a refund.,success,,
RT001041,hi bacche ke liye bahut bada hai,too_large,Customer indicates the item is too big for the child.,success,,
RT001045,mam function cancel ho gaya refund chahiye,changed_mind,Customer requests a refund due to a canceled function.,success,,
RT001047,dusri jagah sasta mil gaya,changed_mind,Customer found a cheaper option elsewhere.,success,,
RT001049,TIME PE NAH IAAYA TO AB KYA KARU REFUND CHAHIYE,delivery_late,Customer is requesting a refund due to late delivery.,success,,
RT001050,tight hai,too_small,Customer indicates the item is tight.,success,,
RT001052,"fabric achha nahi, fitting bhi tight",quality,Customer mentions poor fabric quality and tight fitting.,success,,
RT001055,bhaiya image me bright tha real me dull hai exchange nahi chahiye,colour_mismatch,Customer states the item is dull compared to the bright image.,success,,
RT001062,"HELLO, OVERSIZED LAG RAHA AI JABKI REGULAR FIT LIKHA THA",too_large,Customer feels the item is oversized despite ordering regular fit.,success,,
RT001063,hi nahi chahiye bas exchange nahi chahiye,unclear,The comment indicates a lack of desire for the item without a specific reason.,success,,
RT001064,pls color is different from image refund chahiye,colour_mismatch,The customer states that the color is different from the image.,success,,
RT001071,अच्छा नहीं लगा,unclear,The comment expresses dissatisfaction without a specific reason.,success,,
RT001074,"bhaiya wrong size bheja ,M order kiya tha XL aaya !!",wrong_item,The customer received the wrong size.,success,,
RT001078,"pls late delivery, mehndi ke baad aaya refund chahiye",delivery_late,The customer mentions late delivery as the issue.,success,,
RT001080,hi ye wala shade nahi tha website pe,colour_mismatch,The shade received did not match the one shown on the website.,success,,
RT001081,mam length bhi kam hai aur tight bhi pls return,too_small,The length is short and the item is tight.,success,,
RT001082,size chota hai aur kapda bhi patla,too_small,The size is small and the fabric is thin.,success,,
RT001083,fitting bahut tight hai yaar 🙏,too_small,The fitting is very tight.,success,,
RT001084,PLS SIZE CHOAT HAI,too_small,The size is small.,success,,
RT001086,"hello, delivery me 12 din lag gaye 🙏",delivery_late,The comment states that delivery took 12 days.,success,,
RT001087,hi too loose a waist !!,too_large,The comment indicates that the waist is too loose.,success,,
RT001090,late aaya aur packet bhi phata hua,damaged,The comment mentions that the package was torn upon arrival.,success,,
RT001092,mind change ho gaya !!,changed_mind,The comment indicates a change of mind.,success,,
RT001096,"hello, zip kaam nahi kar rahi exchange nahi chahiye",quality,The comment states that the zip is not working.,success,,
RT001102,mam size chota hai,too_small,The customer indicates the size is small.,success,,
RT001103,"fabric achha nahi, fitting bhi tight",quality,The customer mentions poor fabric quality and tight fitting.,success,,
RT001107,bhaiya pehli dhulai me shrink ho gaya exchange nahi chahiye,changed_mind,The customer no longer wants the item after it shrank.,success,,
RT001109,too loose at wiast,too_large,The customer states the item is too loose at the waist.,success,,
RT001110,"SIZE SMALL AAYA, MERA REGULAR M H",too_small,The customer received a size small instead of their regular medium.,success,,
RT001111,MAM रंग फोटो  से अलग है,colour_mismatch,The color is different from the photo.,success,,
RT001112,hi ok very disappointed,unclear,The comment expresses disappointment without a specific reason.,success,,
RT001116,bhaiya ok !!,unclear,The comment is vague and does not specify a reason.,success,,
RT001117,hi tght hai !!,too_small,The item is too tight.,success,,
RT001118,hi see through hai kapda very disappointed,quality,"The fabric is see-through, indicating a quality issue.",success,,
RT001120,sir size chart se bad anikla jaldi pickup karo,too_large,The size is larger than expected based on the size chart.,success,,
RT001126,sir too loose a waist exchange nahi chahiye,changed_mind,The customer no longer wants the item due to it being too loose.,success,,
RT001128,size chota hai aur kapda bhi patla,too_small,The size is too small and the fabric is thin.,success,,
RT001130,"HELLO, AB ZARURAT NHAI HAI REFUND CHAHIYE",changed_mind,The customer no longer needs the item.,success,,
RT001132,"HELLO, TOO LOOSE AT WAIST 🙏",too_large,The item is too loose at the waist.,success,,
RT001135,-,unclear,Comment does not provide a specific reason for the return.,success,,
RT001136,"sir wrong size bheaj, M order kiya tha XL aaya very disappointed",too_large,Customer received a larger size than ordered.,success,,
RT001139,hi damaged piece received jaldi pickup karo,damaged,Customer received a damaged piece.,success,,
RT001141,sir acha nahi laga exchange nahi chahiye,changed_mind,Customer does not want to exchange as they did not like the item.,success,,
RT001142,mam ab zarurat nahi hai,changed_mind,Customer no longer needs the item.,success,,
RT001146,time pe nahi aaya to ab kya karu jaldi pickup karo,delivery_late,The comment indicates that the item did not arrive on time.,success,,
RT001147,sir mind change hogaya very disappointed,changed_mind,The customer explicitly states that their mind has changed.,success,,
RT001149,hi nahi chahiye bas 🙏,unclear,The comment does not provide a specific reason for the return.,success,,
RT001151,sir M mangaya tha bada aaya jaldi pickup karo,too_large,The customer mentions that the item received is larger than expected.,success,,
RT001154,NOT GOD REFUND CHAHIYE,unclear,The comment does not specify a clear reason for the return.,success,,
RT001158,size chota hai aur kapda bhi patla,too_small,The size is too small and the fabric is thin.,success,,
RT001159,"late delivery, mehndi ke baad aaya refund chahiye",delivery_late,"The item was delivered late, and a refund is requested.",success,,
RT001160,"Size small aaya, mera regular M h 🙏",too_small,"The size received is small, while the customer usually wears medium.",success,,
RT001162,hi tight hai jaldi pickup karo,too_large,The item is too tight for the customer.,success,,
RT001165,"hello, dont need it anymore",changed_mind,The customer no longer needs the item.,success,,
RT001167,.,unclear,Comment does not provide a specific reason.,success,,
RT001168,shoulders gir rahe hain itna loose jaldi pickup karo,too_large,Item is too loose for the customer.,success,,
RT001169,late aaya aur packet bhi phata hua,damaged,The package was damaged upon arrival.,success,,
RT001172,mind change ho gaya exchange nahi chahiye,changed_mind,Customer no longer wants the item due to a change of mind.,success,,
RT001173,delivery me 12 din lag gaye,delivery_late,"Delivery took too long, specifically 12 days.",success,,
RT001174,"hello, sam as before !!",unclear,The comment does not provide a specific reason for the return.,success,,
RT001175,"chhota aa gaya, size chart galat hai jaldi pickup karo",too_small,The customer indicates the item is smaller than expected due to a wrong size chart.,success,,
RT001176,"pls Size small aaya, mera regular M h !!",too_small,The customer received a size small instead of their regular medium.,success,,
RT001181,hi theek nahi hai 🙏,unclear,The comment does not specify a clear reason for dissatisfaction.,success,,
RT001183,size se chota h pls return,too_small,The customer states the item is smaller than expected.,success,,
RT001184,.,unclear,Comment does not provide a specific reason.,success,,
RT001186,pls delivery me 12 din lag gaye exchange nahi chahiye,delivery_late,Customer mentions a delay in delivery.,success,,
RT001188,bhaiya length bhi kam hai aur tight bhi jaldi pickup karo,too_small,Customer states the item is tight and short.,success,,
RT001189,delivery me 12 din lag gaye !!,delivery_late,Customer mentions a delay in delivery.,success,,
RT001191,theek nahi hai,unclear,Comment does not provide a specific reason.,success,,
RT001192,bhaiya dusri jagah sasta mil gayya very disappointed,changed_mind,Customer found a cheaper option elsewhere.,success,,
RT001195,bhaiya fitting bahutt ight hai yaar,too_small,Customer mentioned the fitting is too tight.,success,,
RT001197,size chota hai aur kapda bhi patla,too_small,Customer stated the size is small and the fabric is thin.,success,,
RT001198,sir kapda bahut patal hai exchange nahi chahiye,quality,Customer complained about the fabric being very thin.,success,,
RT001199,ab zarurat nahi hai,changed_mind,Customer no longer needs the item.,success,,
RT001201,sir dont need it anymore,changed_mind,Customer no longer needs the item.,success,,
RT001202,size chota hai aur kapda bhi patla,too_small,The size is too small and the fabric is thin.,success,,
RT001203,oversizedlag raha hai jabki regular fit likha tha exchange nahi chahiye,too_large,The item is oversized despite being labeled as regular fit.,success,,
RT001205,bahut tight h shoudlers pe,too_small,The item is too tight at the shoulders.,success,,
RT001206,hi return 🙏,unclear,The comment does not provide a specific reason for the return.,success,,
RT001207,sir bahut tight h shoulders pe,too_small,The item is too tight at the shoulders.,success,,
RT001208,bada hai and colour bhi photo jaisa nahi,too_large,The item is too big and the color does not match the photo.,success,,
RT001209,bada hai and colour bhi photo jaisa nahi,too_large,The item is too big and the color does not match the photo.,success,,
RT001210,colour mismatch,colour_mismatch,The color does not match the expectation.,success,,
RT001211,sir delivery me 12 din lag  gaye very disappointed,delivery_late,"The delivery took 12 days, causing disappointment.",success,,
RT001212,pls sleeves tght hai arms me exchange nahi chahiye,too_small,"The sleeves are tight, indicating the item is too small.",success,,
RT001214,mam beti ke liye liya tha chhota pad gaya refund chahiye,too_small,The item is too small for the intended recipient.,success,,
RT001217,"hello, packet khula tha aur kapde pe daag hai",damaged,The package was open and the clothes had a stain.,success,,
RT001223,colour alag hai aur quality bhi average,colour_mismatch,The colour is different and quality is average.,success,,
RT001224,"hello, stain mila delivery pe exchange nahi chahiye",damaged,A stain was found on the item upon delivery.,success,,
RT001225,bhaiya mummy ko pasand nahi aaya 🙏,changed_mind,Customer's mother did not like the item.,success,,
RT001228,tight hai very disappointed,too_small,"The item is tight, indicating it is too small.",success,,
RT001230,accidentally order ho gaya,changed_mind,The order was placed accidentally.,success,,
RT001232,acha nahi laga,unclear,Comment does not provide a specific reason for return.,success,,
RT001233,mam see through hai kapda pls return,quality,"The fabric is see-through, indicating a quality issue.",success,,
RT001235,size chota hai aur kapda bhi patla,too_small,The size is too small and the fabric is thin.,success,,
RT001236,"fabric achha nahi, fitting bhi tight",quality,The fabric is not good and the fitting is tight.,success,,
RT001242,bhaiya function cancel ho gaya exchange nahi chahiye,changed_mind,"The function got cancelled, so the customer no longer wants the exchange.",success,,
RT001244,order bahut der se mila !!,delivery_late,The order was received very late.,success,,
RT001245,BHAIYA बहुत टाइट है JALDI PICKUP KARO,too_small,The item is very tight.,success,,
RT001246,"sir Size small aaya, mera regular M h 🙏",too_small,The customer received a size small instead of their regular medium.,success,,
RT001247,"mam photo me maroon dikha, aaaya brown exchange nahi chahiye",colour_mismatch,The customer received a brown item instead of the maroon shown in the photo.,success,,
RT001248,hi function cancel ho gaya,changed_mind,The customer no longer needs the item because the function was canceled.,success,,
RT001249,size chota hai aur kapda bhi patla,too_small,The customer states the size is small and the fabric is thin.,success,,
RT001250,hi M mangaya tha bada aaya 🙏,too_large,The customer received a larger size than the medium they ordered.,success,,
RT001254,"hello, stitching kharab hai, dhaage nikal rahe",quality,The comment indicates a problem with stitching and loose threads.,success,,
RT001255,sir order bahut der se mila jaldi pickup karo,delivery_late,The comment states that the order was received very late.,success,,
RT001256,"late delivery, mehndi ke baad aaya",delivery_late,The comment mentions late delivery specifically.,success,,
RT001257,sir accidentally order ho gaya exchange nahi chahiye,changed_mind,The comment indicates that the order was placed accidentally and the customer does not want the item.,success,,
RT001259,sir not good pls return,unclear,The comment expresses general dissatisfaction without a specific reason.,success,,
RT001265,sir size chota hai !!,too_small,The customer indicates the size is too small.,success,,
RT001267,pasand nahi aaya,unclear,The comment expresses dissatisfaction without a specific reason.,success,,
RT001268,theek nahi hai exchange nahi chahiye,unclear,The comment states dissatisfaction and a refusal to exchange without a specific reason.,success,,
RT001269,sir funcction cancel ho gaya refund chahiye,changed_mind,The customer mentions a cancellation of an event and requests a refund.,success,,
RT001270,mam time pe nahi aaya to ab kya karu jaldi pickup karo,delivery_late,The customer states the item did not arrive on time.,success,,
RT001272,"gift ttha, unko pasand nahi aaya",changed_mind,The gift was not liked by the recipient.,success,,
RT001273,pls pasand nahii aaya 🙏,unclear,The comment indicates dissatisfaction without a specific reason.,success,,
RT001276,mam delivery me 12 din lag gaye !!,delivery_late,"The delivery took 12 days, which is late.",success,,
RT001277,sir bekar very disappointed,unclear,The comment expresses disappointment without a specific reason.,success,,
RT001283,size chota hai aur kapda bhi patla,too_small,The size is small and the fabric is thin.,success,,
RT001286,AB ZARURAT NAHI HAI,unclear,The comment does not provide a specific reason for the return.,success,,
RT001287,sir ab zarurat nahi hai exchange nahi chahiye,changed_mind,The customer indicates they no longer need the item.,success,,
RT001288,"hello, bahut  late aaya, function nikal gaya",delivery_late,The comment states that the item arrived late and the function has passed.,success,,
RT001289,mam time pe nahi aaya to ab kya karu,delivery_late,The customer mentions that the item did not arrive on time.,success,,
RT001290,"fabric achha nahi, fitting bhi tight",quality,The customer reports poor fabric quality and tight fitting.,success,,
RT001294,pls function cancel ho gaya very disappointed,changed_mind,"Customer's event was cancelled, leading to disappointment.",success,,
RT001297,sir bacche ke liye bahut bada hai exchange nahi chahiye,too_large,"Item is too large for the child, and customer does not want an exchange.",success,,
RT001302,return,unclear,Comment is vague and does not specify a reason for return.,success,,
RT001304,"bahut late aaya, function nikal gaya refund chahiye",delivery_late,"Item arrived very late, causing the function to be missed.",success,,
RT001313,"hello, साइज़ छोटा है 🙏",too_small,Customer states that the size is too small.,success,,
RT001314,"MAM STITCHING KHARAB HAI, DHAAGE NIKA LRAHE PLS RETURN",quality,"The stitching is poor, indicating a quality problem.",success,,
RT001316,"bhaiya too small, chest pe fit nahi hhua exchange nahi chahiye",too_small,The item is too small and does not fit.,success,,
RT001317,size chota hai aur kapda bhi patla,too_small,The size is small and the fabric is thin.,success,,
RT001320,bada hai and colour bhi photo jaisa nahi,too_large,The item is too large and the color does not match the photo.,success,,
RT001321,"pls photo me maroondikha, aaya brown exchange nahi chahiye",colour_mismatch,The color received is brown instead of maroon as shown in the photo.,success,,
RT001324,hi mind change ho gaya !!,changed_mind,Customer indicates a change of mind.,success,,
RT001325,mummy ko pasand nahi aaya pls return,changed_mind,Customer's mother did not like the item.,success,,
RT001326,mam ab zarurat nahi hai pls return,changed_mind,Customer no longer needs the item.,success,,
RT001329,OK 🙏,unclear,Comment does not provide a specific reason.,success,,
RT001337,pls ok,unclear,Comment does not provide a specific reason.,success,,
RT001339,"HELLO, ... EXCHANGE NAHI CHAHIYE",unclear,The comment indicates no need for the item but does not specify a clear reason.,success,,
RT001341,sir packet khula tha aur kapde pe daag hai very disappointed,damaged,The comment mentions a damaged package and stained clothes.,success,,
RT001346,HI RETURN !!,unclear,The comment does not provide a specific reason for the return.,success,,
RT001347,maine kurti mangayi thi top aaya very disappointed,wrong_item,The customer received a top instead of the kurti they ordered.,success,,
RT001348,sir dont need it anymore !!,changed_mind,The comment indicates that the customer no longer needs the item.,success,,
RT001349,delivery me 12 dinl ag gaye jaldi pickup karo,delivery_late,The comment indicates that the delivery was late by 12 days.,success,,
RT001350,hi mind change ho gaya,changed_mind,The comment explicitly states a change of mind.,success,,
RT001353,sir 😞 pls return,unclear,The comment does not provide a specific reason for the return.,success,,
RT001354,sir quality achhi nhai hai very disappointed,quality,The comment mentions that the quality is not good and expresses disappointment.,success,,
RT001355,"chhota aa gaya, size chart galat hai",too_small,The comment indicates that the item received is smaller than expected.,success,,
RT001357,"HI TOO SMALL, CHEST PE FIT NAHI HUA REFUND CHAHIYE",too_small,The item did not fit properly in the chest area.,success,,
RT001358,acha nahi laga jaldi pickup karo,unclear,The comment does not specify a clear reason for the return.,success,,
RT001359,mam fabric rough hai skin pe chubhta hai refund chahiye,quality,The fabric is described as rough and irritating to the skin.,success,,
RT001361,sir too loose at waist !!,too_large,The item is too loose at the waist.,success,,
RT001363,"fabric achha nahi, fitting bhi tight",quality,The fabric is not good and the fitting is tight.,success,,
RT001366,MAM OK EXCHANGE NAHI CHAHIYE,changed_mind,Customer does not want the exchange.,success,,
RT001369,late aaya aur packet bhi phata hua,damaged,The packet was damaged upon arrival.,success,,
RT001373,sir size chota hai !!,too_small,The size is too small for the customer.,success,,
RT001379,different desgn aaya,wrong_item,A different design was received.,success,,
RT001386,"hello, ek wash me rang chala gaya exchange nahi chahiye",quality,The color faded after one wash.,success,,
RT001387,pls issue hai exchange nahi chahiye,unclear,The comment indicates a return without specifying a clear reason.,success,,
RT001388,"hi gift tha, unko pasand nahi aaya 🙏",changed_mind,The gift was not liked by the recipient.,success,,
RT001390,mam 😞 pls return,unclear,The comment expresses a desire to return without a specific reason.,success,,
RT001392,time pe nahi aaya to ab kya karu,delivery_late,The comment states that the item did not arrive on time.,success,,
RT001398,size chota hai aur kapda bhi patla,too_small,"The size is mentioned as small, indicating it does not fit.",success,,
RT001399,"PLS LOOES FITTING, MERE SIZE KA NAHI LAGTA",too_large,The customer indicates that the fitting is loose and does not fit their size.,success,,
RT001401,colour alag hai aur quality bhi average,colour_mismatch,The customer mentions that the colour is different and the quality is average.,success,,
RT001403,mam fabric rough hai skin pe chubhta hai,quality,The customer states that the fabric is rough and irritates the skin.,success,,
RT001407,mam zip kaam nahi kar rahi,damaged,The customer reports that the zip is not functioning.,success,,
RT001408,"fabric achha nahi, fitting bhi tight",quality,The customer expresses dissatisfaction with the fabric and mentions that the fitting is tight.,success,,
RT001410,"hi gift tha, unko pasnad nahi aaya",changed_mind,The gift was not liked by the recipient.,success,,
RT001411,late aaya aur packet bhi phata hua,damaged,The package was late and also damaged.,success,,
RT001414,hi colour alag hai photo se,colour_mismatch,The color is different from the photo.,success,,
RT001415,pasand nahi aya !!,unclear,The comment indicates dissatisfaction without a specific reason.,success,,
RT001416,time penahi aaya to ab kya karu,delivery_late,The item arrived late.,success,,
RT001418,accidentally order hog aya,changed_mind,The customer indicates they accidentally ordered the item.,success,,
RT001419,"sir too big, ekdum dheela",too_large,The customer states the item is too big and loose.,success,,
RT001422,bhaiya colour mismtch 🙏,colour_mismatch,The customer mentions a mismatch in color.,success,,
RT001426,"hello, return",unclear,The comment does not provide a specific reason for the return.,success,,
RT001429,bhaiya smaller than usual size,too_small,The customer states the item is smaller than usual size.,success,,
RT001432,bhaiya dusri jagah sasta mil gaya !!,changed_mind,Customer found a cheaper option elsewhere.,success,,
RT001436,"hello, pasand nahiaaya !!",unclear,Customer did not like the item but did not specify why.,success,,
RT001437,sir ye wala shade nahi tha website pe 🙏,colour_mismatch,The shade received was not as shown on the website.,success,,
RT001439,pls nahi  chahiye bas,unclear,Customer simply stated they do not want it without further details.,success,,
RT001441,sir silai khuli hui thi aate hi refund chahiye,damaged,The stitching was open upon arrival.,success,,
RT001444,PHLI DHULAI ME SHRINK HO GAYA EXCHANGE NAHI CHAHIYE,quality,"The product shrank after the first wash, indicating a quality issue.",success,,
RT001447,bhaiya size se choota h,too_small,The item is too small for the customer.,success,,
RT001448,pls return,unclear,The comment only requests a return without specifying a reason.,success,,
RT001450,sir pasand nahi aaya pls return,changed_mind,The customer did not like the item and wants to return it.,success,,
RT001451,"too small, chest pe fit nahi hua exchange nahi chahiye",too_small,The item did not fit the customer properly.,success,,
RT001453,pls see through hai kpada jaldi pickup karo,damaged,"The comment indicates that the fabric is see-through, suggesting a quality issue.",success,,
RT001454,shoulders gir rahe hain itna loose very disappointed,too_large,"The comment mentions that the shoulders are loose, indicating the item is too large.",success,,
RT001457,maine kurti mangayi thi top aaya,wrong_item,The customer ordered a kurti but received a top instead.,success,,
RT001459,theek nahi hai jaldi pickup karo,unclear,The comment does not provide a specific reason for the return.,success,,
RT001460,pls zip kaam  nahi kar rahi 🙏,damaged,"The comment indicates that the zip is not working, suggesting a product defect.",success,,
RT001461,mam button toota hua ta pls return,damaged,"The button is broken, indicating a damaged product.",success,,
RT001462,pls reurn very disappointed,unclear,The comment expresses disappointment but does not specify a reason.,success,,
RT001466,"fabric achha nahi, fitting bhi tight",quality,The comment mentions poor fabric quality and tight fitting.,success,,
RT001467,HI NOT AS EXPECTED REFUND CHAHIYE,unclear,The comment states it is not as expected but does not provide a specific reason.,success,,
RT001468,"hello, mind change ho gaya",changed_mind,The customer indicates a change of mind.,success,,
RT001469,"gift tha, unko pasand nahi aaya 🙏",changed_mind,The gift was not liked by the recipient.,success,,
RT001471,mam image me bright tha rael me dull hai jaldi pickup karo,colour_mismatch,The item appeared bright in the image but was dull in reality.,success,,
RT001476,mam not as expected 🙏,unclear,The comment indicates dissatisfaction without a specific reason.,success,,
RT001477,not good,unclear,The comment states 'not good' without further details.,success,,
RT001480,hi a bzarurat nahi hai 🙏,changed_mind,The customer no longer needs the item.,success,,
RT001481,sir see through hai kapda,quality,"The fabric is see-through, indicating a quality issue.",success,,
RT001482,IMAGE ME BRIGHT THA REAL ME DULL HAI,colour_mismatch,The item received is dull compared to the bright image.,success,,
RT001483,mummy k opasand nahi aaya !!,changed_mind,The item was not liked by the customer's mother.,success,,
RT001485,साइज़ छोटा है refund chahiye,too_small,The size is too small for the customer.,success,,
RT001486,hi delivery me 12 din lag gaye !!,delivery_late,"The delivery took 12 days, which is late.",success,,
RT001491,no pls return,unclear,The comment does not provide a specific reason for the return.,success,,
RT001495,sir dusri jagah sasta mil gaya very disappointed,changed_mind,The customer found a cheaper option elsewhere.,success,,
RT001497,sir bahut tight h shoulders pe exchange nahi chahiye,too_small,The item is too tight in the shoulders.,success,,
RT001500,sir ab zarurat nahi hai refund chahiye,changed_mind,The customer no longer needs the item.,success,,
RT001501,size chota hai aur kapda bhi patla,quality,The size is small and the fabric is thin.,success,,
RT001502,bhaiya mind change ho gaya !!,changed_mind,Customer indicates a change in preference.,success,,
RT001503,length bhi kam hai aur tight bhi !!,too_small,Customer mentions the length is short and the fit is tight.,success,,
RT001504,sir color is different from image pls return,colour_mismatch,Customer states the color is different from the image.,success,,
RT001506,bada hai and colour bhi photo jaisa nahi,too_large,Customer indicates the item is too big and the color is not as shown.,success,,
RT001507,bhaiya length bhi kamhai aur tight bhi very disappointed,too_small,Customer mentions the length is short and the fit is tight.,success,,
RT001510,"hi too bg, ekdum dheela exchange nahi chahiye",too_large,The item is too big and the customer does not want an exchange.,success,,
RT001515,"pls too small, chest pe fit nahi hua refund chahiye",too_small,The item is too small and did not fit the customer.,success,,
RT001518,mustard bola ta ye to green yellow hai,colour_mismatch,The customer received a different color than expected.,success,,
RT001521,pls ab zarurat nahi hai,changed_mind,The customer no longer needs the item.,success,,
RT001522,pls delivery me 12 din lag gaye refund chahiye,delivery_late,"The delivery took 12 days, which is considered late.",success,,
RT001523,size chota hai aur kapda bhi patla,too_small,The size is too small.,success,,
RT001525,hi ... 🙏,unclear,The comment does not provide a specific reason for the return.,success,,
RT001528,bhaiya see through hai kapda,quality,"The fabric is see-through, indicating a quality issue.",success,,
RT001529,mam issue hai exchange nahi chahiye,changed_mind,"The customer does not want an exchange, indicating a change of preference.",success,,
RT001530,mam size chart se bbada nikla,too_large,The item is larger than indicated by the size chart.,success,,
RT001531,ab zarurat nahi hai refund chahiye,changed_mind,Customer no longer needs the item and requests a refund.,success,,
RT001533,pls time pe nahi aaya to ab kya karu exchange nahi chahiye,delivery_late,Customer states the item did not arrive on time and does not want an exchange.,success,,
RT001534,"pls chhota aa gaya, siez chart galat hai exchange nahi chahiye",too_small,Customer mentions the item is too small and does not want an exchange.,success,,
RT001535,sir acha nahi laga exchange nahi chahiye,unclear,Customer expresses dissatisfaction without a specific reason.,success,,
RT001538,HI BETI KE LIYE LIYA THA CHHOTA PAD GAYA,too_small,Customer states the item is too small for their daughter.,success,,
RT001548,"too big, ekdum dheela exchange nahi chahiye",too_large,The item is too big and the customer does not want an exchange.,success,,
RT001552,"hello, no !!",unclear,The comment does not provide a specific reason for the return.,success,,
RT001553,bhaiya dont need it anymore,changed_mind,The customer indicates they no longer need the item.,success,,
RT001554,mam dont need it anymore exchange nahi chahiye,changed_mind,The customer states they do not need the item anymore and do not want an exchange.,success,,
RT001556,bhaiya delivery me 12 din lag gaye,delivery_late,The customer mentions that delivery took 12 days.,success,,
RT001559,"hello, function cancel ho gaya",changed_mind,The customer indicates that their event has been cancelled.,success,,
RT001561,SIZE CHART PE 38 LIKHA THA BUT 36 JAISA HAI,too_small,The size received is smaller than what was indicated on the size chart.,success,,
RT001565,see through hai kapda !!,quality,"The fabric is see-through, indicating a quality issue.",success,,
RT001566,pls not as expected,unclear,The comment expresses dissatisfaction without a specific reason.,success,,
RT001572,zip kaam nahi kar rahi very disappointed,damaged,"The zipper is not functioning, indicating a product defect.",success,,
RT001573,pls bacche ke liye bahut bada hai refund chahiye,too_large,The item is too big for the child.,success,,
RT001574,"sir material not as described, ye cotton nahi lagta !!",quality,The material does not match the description.,success,,
RT001579,SIR LENGTH BAHUT ZYADA HAI !!,too_large,The length of the item is too much.,success,,
RT001580,bahut tight h shoulders pe,too_small,The item is too tight at the shoulders.,success,,
RT001582,hi function cancel ho gaya,changed_mind,"The function was canceled, leading to a change of mind.",success,,
RT001584,"mam stitching kharab hai, dhaage nikal rahe refund chahiye",quality,Customer mentions poor stitching and loose threads.,success,,
RT001585,sir ab zarurat nahi hai,changed_mind,Customer states they no longer need the item.,success,,
RT001586,see through hai kapda refund chahiye,quality,Customer indicates the fabric is see-through.,success,,
RT001588,colour alag hai aur quality bhi average,colour_mismatch,Customer notes the color is different and quality is average.,success,,
RT001591,sir m mangaya tha bada aaya,too_large,Customer received a larger size than ordered.,success,,
RT001595,"bhaiya gift tha, unko pasand nahi aaya very disappointed",changed_mind,The recipient did not like the gift.,success,,
RT001596,mind chnage ho gaya jaldi pickup karo,changed_mind,The customer changed their mind.,success,,
RT001598,"mam gift tha, unko pasand nahi aaya !!",changed_mind,The recipient did not like the gift.,success,,
RT001599,zip kaam nahi kar rahi very disappointed,quality,The zip is not functioning properly.,success,,
RT001601,"fabric achha nahi, fitting bhi tight",quality,The fabric is not good and the fitting is tight.,success,,
RT001603,"hello, smaller than usual size",too_small,The item is smaller than the usual size.,success,,
RT001604,"HI TOO BIG, EKDUM DHEELA EXCHANGE NAHI CHAHIYE",too_large,The item is too big and loose.,success,,
RT001608,ye mera order nahi hai,wrong_item,The customer received an incorrect order.,success,,
RT001609,hi phata hua aayya jaldi pickup karo,damaged,The item arrived damaged (torn).,success,,
RT001610,sir dont neeed it anymore !!,changed_mind,The customer no longer needs the item.,success,,
RT001612,bhaiya not as expected,unclear,The comment indicates dissatisfaction but does not specify a reason.,success,,
RT001613,hi tighht hai,too_small,The comment indicates that the item is tight.,success,,
RT001616,hi pasaand nahi aaya refund chahiye,changed_mind,The comment expresses that the customer did not like the item and wants a refund.,success,,
RT001620,pls length bhi kam hai aur tight bhi,too_small,The comment indicates that the length is short and the item is tight.,success,,
RT001621,delivery me 12 din lag gaye jaldi pickup karo,delivery_late,The comment states that delivery took 12 days.,success,,
RT001622,bhaiya mummy ko pasand nahi aaya pls return,changed_mind,Customer's mother did not like the item.,success,,
RT001624,issue hai,unclear,Comment is vague and does not specify the issue.,success,,
RT001626,"hello, order bahut der se mila exchange nahi chahiye",delivery_late,Customer states the order was received very late.,success,,
RT001628,hi ab arurat nahi hai pls return,changed_mind,Customer no longer needs the item.,success,,
RT001633,mam nahi chahiye bas jaldi pickup karo,unclear,Comment is vague and does not specify the issue.,success,,
RT001634,hi dusri jagah sasta mil gaya pls return,changed_mind,Customer found a cheaper option elsewhere.,success,,
RT001636,bada hai and colour bhi photo jaisa nahi,colour_mismatch,The color is not as shown in the photo.,success,,
RT001640,"size small aaya, mera regular m h pls return",too_small,The received size is smaller than expected.,success,,
RT001644,late aaya aur packet bhi phata hua,damaged,The package arrived late and was damaged.,success,,
RT001646,mam XL bhi tight hai kya size h ye,too_large,The XL size is still tight for the customer.,success,,
RT001648,mam fitting bahut tight hai yaar,too_small,The fitting is too tight.,success,,
RT001650,size chota hai aur kapda bhi patla,too_small,The size is small and the fabric is thin.,success,,
RT001653,"hello, साइज़ छोटा है refund chahiye",too_small,The size is small and a refund is requested.,success,,
RT001654,sir अच्छा नहीं लगा very disappointed,unclear,The comment expresses disappointment without a specific reason.,success,,
RT001656,issue ai refund chahiye,unclear,The comment is vague and only requests a refund.,success,,
RT001658,order bahut der se mila refund chahiye,delivery_late,The comment states that the order was received very late.,success,,
RT001662,pls ye mera order nahi hai,wrong_item,The comment indicates that the received order is not the correct one.,success,,
RT001665,size chota hai aur kapda bhi patla,too_small,The comment mentions that the size is small and also refers to the fabric quality.,success,,
RT001666,"hello, photo me maroon dikha, aaya brown exchange nahi chahiye",colour_mismatch,The comment states that the item received is a different color than shown in the photo.,success,,
RT001670,pls return very disappointed,unclear,The comment expresses disappointment but does not specify a clear reason for the return.,success,,
RT001676,"hello, too big, ekdum dheela exchange nahi chahiye",too_large,The item is too big and the customer does not want an exchange.,success,,
RT001677,tight hai pls return,too_small,The item is tight and the customer wants to return it.,success,,
RT001678,"hello, rang hlaka hai bahut 🙏",colour_mismatch,The customer feels the color is too light.,success,,
RT001681,mam duri jagah sasta mil gaya pls return,changed_mind,The customer found a cheaper option elsewhere.,success,,
RT001682,dusri jagah sasta milg aya refund chahiye,changed_mind,The customer found a cheaper option elsewhere.,success,,
RT001683,size chota hai aur kapda bhi patla,too_small,The size is too small and the fabric is thin.,success,,
RT001684,size chota hai aur kapda bhi patla,too_small,The size is too small and the fabric is thin.,success,,
RT001687,sir same as before very disappointed,unclear,The comment expresses disappointment without a specific reason.,success,,
RT001689,"bahut late aaya, function nikal gaya !!",delivery_late,"The item arrived very late, causing the function to be missed.",success,,
RT001690,SMALLER THAN SUUAL SIZE,too_small,The item is smaller than the usual size.,success,,
RT001697,pls colour mismatch,colour_mismatch,Customer indicates a mismatch in the color received.,success,,
RT001699,"bhaiya chhota aa gaya, size chart galat hai",too_small,Customer states the item is smaller than expected based on the size chart.,success,,
RT001702,pls delviery me 12 din lag gaye,delivery_late,Customer mentions that delivery took 12 days.,success,,
RT001704,"mam loose fitting, mere size ka nahi lagta very disappointed",too_large,Customer indicates the item has loose fitting and does not fit their size.,success,,
RT001705,mustard bola tha ye ot green yellow hai exchange nahi chahiye,changed_mind,Customer no longer wants the item due to a color discrepancy.,success,,
RT001707,colour alag hai aur quality bhi average,colour_mismatch,The customer mentioned a difference in color and average quality.,success,,
RT001708,hi no,unclear,The comment is vague and does not provide a specific reason.,success,,
RT001710,pls print utar raha hai,quality,"The customer indicated that the print is coming off, which is a quality issue.",success,,
RT001711,size chota hai aur kapda bhi patla,too_small,The customer stated that the size is small.,success,,
RT001713,bhaiya functioncancel ho gaya,changed_mind,"The customer mentioned that the function was canceled, indicating a change in circumstances.",success,,
RT001715,"hello, plss return very disappointed",unclear,The comment expresses disappointment but does not specify a reason.,success,,
RT001717,sir pls return refund chahiye,unclear,The comment requests a refund but does not provide a specific reason.,success,,
RT001719,donnt need it anymore !!,changed_mind,The comment indicates that the customer no longer needs the item.,success,,
RT001720,sir acha nahi laga 🙏,unclear,The comment states dissatisfaction without a specific reason.,success,,
RT001724,"hello, beti ke liye liya tha chhota pad gaya very disappointed",too_small,The comment indicates that the item is too small for the intended recipient.,success,,
RT001725,size chota hai aur kapda bhi patla,too_small,The size is too small and the fabric is thin.,success,,
RT001726,pls theke nahi hai 🙏,unclear,The comment expresses dissatisfaction without a specific reason.,success,,
RT001729,size chota hai aur kapda bhi patla,too_small,The size is too small and the fabric is thin.,success,,
RT001730,hi not as expcted !!,unclear,The comment indicates it is not as expected without specific details.,success,,
RT001731,"hello, bahut late aaya, function nikal gaya pls return",delivery_late,"The item arrived late, causing the function to be missed.",success,,
RT001732,bada hai and colour bhi photo jaisa nahi,colour_mismatch,The colour does not match the photo.,success,,
RT001734,"fabric achha nahi, fitting bhi tight",quality,The fabric quality is poor and the fitting is tight.,success,,
RT001735,hi time pe nahi aaya to ab kya karu !!,delivery_late,The item did not arrive on time.,success,,
RT001737,"kurti bahu tfit hai, breathe nahi kar pa rahi pls return",too_small,The kurti is too tight and uncomfortable.,success,,
RT001738,mam mummy ko pasand nahi aaya pls return,changed_mind,The customer's mother did not like the item.,success,,
RT001740,print utar raha hai refund chahiye,quality,"The print is coming off, indicating a quality issue.",success,,
RT001747,"mam bahut late aaya, function nikal gaya exchange nahi chahiye",delivery_late,"The item arrived very late, causing the function to be missed.",success,,
RT001750,smaller than usual size 🙏,too_small,The item is smaller than the usual size.,success,,
RT001751,ordered L but feels lkie S jaldi pickup karo,too_small,The ordered size L feels like size S.,success,,
RT001752,"hello, accidentally order ho gaya jaldi pickup karo",changed_mind,The order was placed accidentally.,success,,
RT001757,mummy ko pasand nahi aaya,changed_mind,The item was not liked by the customer's mother.,success,,
RT001758,function canncel ho gaya,changed_mind,"The function was cancelled, leading to a change in need for the item.",success,,
RT001761,😞 🙏,unclear,The comment expresses disappointment without a specific reason.,success,,
RT001765,bekar very disappointed,unclear,The comment indicates general dissatisfaction without a specific reason.,success,,
RT001766,pls ab zarurat nahi hai,changed_mind,The customer no longer needs the item.,success,,
RT001768,"late delivery, mehndi ke baad aaya pls return",delivery_late,Customer mentions late delivery.,success,,
RT001771,mam nahi chahiye bas pls return,unclear,Comment does not specify a clear reason for return.,success,,
RT001772,"hello, beti ke liye liyat ha chhota pad gaya exchange nahi chahiye",too_small,Customer states the item is too small for their daughter.,success,,
RT001773,sir ab zarurat nahi hai exchange nahi chahiye,changed_mind,Customer indicates they no longer need the item.,success,,
RT001777,bhaiya bekar,unclear,Comment does not provide a specific reason for dissatisfaction.,success,,
RT001778,pls colou rfade sa hai photo jaisa nahi exchange nahi chahiye,colour_mismatch,The color is faded and not as shown in the photo.,success,,
RT001779,bada hai and colour bhi photo jaisa nahi,too_large,The item is too large and the color is also not as shown in the photo.,success,,
RT001782,"mam late delivery, mehndi ke baad aaya !!",delivery_late,"The delivery was late, arriving after the event.",success,,
RT001785,"PLS GIFT THA, UNKO PASAND NAHI AAYA",changed_mind,The gift was not liked by the recipient.,success,,
RT001789,ek wash me rang chala gaya,quality,The color faded after one wash.,success,,
RT001790,"mam chhota aa gaya, size chart galat hai !!",too_small,The customer indicates the item is smaller than expected based on the size chart.,success,,
RT001794,ab zarurat nahi hai exchange nahi chahiye,changed_mind,The customer states they no longer need the item and do not want an exchange.,success,,
RT001796,delivery me 12 din lag gaye,delivery_late,The customer mentions that delivery took 12 days.,success,,
RT001797,SIR ACHA NAHI LAGA,unclear,The comment expresses dissatisfaction without a specific reason.,success,,
RT001798,bada hai and colour bhi photo jaisa nahi,colour_mismatch,The customer states the color is not as shown in the photo and that the item is too large.,success,,
RT001799,not as expected,unclear,Comment does not specify a clear reason for return.,success,,
RT001802,pls not a sexpected,unclear,Comment does not specify a clear reason for return.,success,,
RT001803,mind change ho gaya,changed_mind,Customer indicates a change of mind.,success,,
RT001804,PACKET KHULA THA AUR KAPDE PE DAAG HAI VERY DISAPPOINTED,damaged,Product was received damaged with stains and an open packet.,success,,
RT001806,bhaiya mummy ko pasand nahi aaya,changed_mind,Customer's family member did not like the item.,success,,
RT001807,PLS 😞,unclear,The comment does not provide a specific reason for the return.,success,,
RT001809,pasand nahi aaya exchange nahi chahiye,changed_mind,The customer indicates they do not want an exchange and did not like the item.,success,,
RT001811,bada hai and colour bhi photo jaisa nahi,too_large,The customer states the item is too big and also mentions a colour mismatch.,success,,
RT001813,"hello, delivery me 12 din lag gaye refund chahiye",delivery_late,The customer mentions that delivery took 12 days.,success,,
RT001814,bhaiya doosra colour bhej diya very disappointed,wrong_item,The customer received a different colour than expected.,success,,
RT001815,beti ke liye liya tha chhota pad gaya,too_small,The item is too small for the customer's daughter.,success,,
RT001817,sleeves tight hai arms me pls return,too_small,The sleeves are tight on the customer's arms.,success,,
RT001819,shoulders gir rahe haini tna loose exchange nahi chahiye,too_large,"The shoulders are loose, and the customer does not want an exchange.",success,,
RT001820,waist pe nahi aaya,too_small,The item does not fit at the waist.,success,,
RT001821,size bada hi,too_large,The size is too big.,success,,
RT001825,mam साइज़ छोटा है exchange nahi chahiye,too_small,The size is too small for the customer.,success,,
RT001826,"mam loose fitting, mere size ka nahi lagta",too_large,The item has a loose fitting and does not fit the customer's size.,success,,
RT001829,no,unclear,The comment is vague and does not provide a specific reason.,success,,
RT001830,"hello, function cancel ho gaya exchange nahi chahiye",changed_mind,The customer no longer wants the item due to a canceled function.,success,,
RT001831,quality bilkul bekar,quality,The customer explicitly states that the quality is very poor.,success,,
RT001834,mummyko pasand nahi aaya exchange nahi chahiye,changed_mind,Customer's mother did not like the item and does not want an exchange.,success,,
RT001836,colour alag hai aur quality bhi average,colour_mismatch,The colour is different and the quality is average.,success,,
RT001837,size chota hai aur kapda bhi patla,too_small,The size is small and the fabric is thin.,success,,
RT001839,-,unclear,Comment is not specific and does not provide a clear reason.,success,,
RT001840,"hello, order bahut der se mila pls return",delivery_late,Customer states that the order was received very late.,success,,
RT001847,oversized lag raha hai jabki regular fit likha tha jaldi pickup karo,too_large,Customer feels the item is oversized despite it being labeled as regular fit.,success,,
RT001848,"fabric achha nahi, fitting bhi tight",quality,Customer reports poor fabric quality and tight fitting.,success,,
RT001850,"hello, dusri jagah sasta mil gaya very disappointed",changed_mind,Customer found the item cheaper elsewhere and is disappointed.,success,,
RT001852,QUALITY ACHHI NAHI HAI !!,quality,Customer explicitly states that the quality is not good.,success,,
RT001854,"hello, size bada hai",too_large,Customer indicates that the size is too big.,success,,
RT001856,mam see through hai kapda very disappointed,quality,"The fabric is see-through, indicating a quality problem.",success,,
RT001857,pls acha nahi laga jaldi pickup karo,unclear,The comment expresses dissatisfaction without a specific reason.,success,,
RT001862,"fabric achha nahi, fitting bhi tight",quality,"The fabric quality is poor and the fitting is tight, indicating quality issues.",success,,
RT001863,sir wrong item received pls return,wrong_item,The customer received the wrong item.,success,,
RT001865,bhaiya mummy ko pasand nahi aaay exchange nahi chahiye,changed_mind,"The customer's mother did not like the item, leading to a change of mind.",success,,
RT001866,hi color is different from image refund chahiye,colour_mismatch,The customer states that the color is different from the image.,success,,
RT001867,pls ok refund chahiye,unclear,The comment does not provide a specific reason for the return.,success,,
RT001872,sir damaged piece received 🙏,damaged,The customer received a damaged piece.,success,,
RT001876,"fabric achha nahi, fitting bhi tight",quality,The customer mentions poor fabric quality and tight fitting.,success,,
RT001880,sir different design aaya 🙏,wrong_item,The customer received a different design than expected.,success,,
RT001882,mam tight hai exchange nahi chahiye,too_small,"The item is tight, indicating it is too small.",success,,
RT001884,same as before pls return,unclear,The comment does not provide a specific reason for the return.,success,,
RT001886,mam dont need it anymore exchange nahi chahiye,changed_mind,The customer no longer needs the item.,success,,
RT001887,"gift tha, unko pasand nahi aaya exchange nahi chahiye",changed_mind,The gift was not liked by the recipient.,success,,
RT001889,colour alag hai aur quality bhi average,colour_mismatch,The colour is different and quality is mentioned as average.,success,,
RT001892,"hello, delivery me 12 din alg gaye exchange nahi chahiye",delivery_late,Customer mentions that delivery took 12 days.,success,,
RT001894,"PLS PHOTO ME MAROON DIKHA, AAYA BROWN JALDI PICKUP KARO",colour_mismatch,Customer received a brown item instead of the maroon shown in the photo.,success,,
RT001895,"hi too small, chest pef it nahi hua refund chahiye",too_small,Customer states the item is too small for their chest.,success,,
RT001896,"hello, bahut loose hai refund chahiye",too_large,Customer mentions the item is very loose.,success,,
RT001897,dont need it anymore,changed_mind,Customer indicates they don't need the item anymore.,success,,
RT001898,bada hai and colour bhi photo jaisa nahi,too_large,The item is too large and the color does not match the photo.,success,,
RT001900,sir waist pe nahi aaya exchange nahi chahiye,changed_mind,The customer does not want to exchange as the waist size did not fit.,success,,
RT001901,sir button tota hua tha,damaged,The button was broken.,success,,
RT001902,order bahut der se mila,delivery_late,The order was received very late.,success,,
RT001905,sir order bhaut der se mila 🙏,delivery_late,The order was received very late.,success,,
RT001907,colour alag hai photo se !!,colour_mismatch,The color is different from the photo.,success,,
RT001908,mam ok exchange nahi chahiye,changed_mind,The customer does not want an exchange.,success,,
RT001912,same as before,unclear,The comment does not provide a specific reason.,success,,
RT001914,bhaiya pehli dhulai me shrink ho gaya,quality,The item shrank after the first wash.,success,,
RT001918,"HELLO, SIZE BADA HAI VERY DISAPPOINTED",too_large,The size is too big for the customer.,success,,
RT001919,BHAIYA IMAGE ME BRIGT THA REAL ME DULL HAI JALDI PICKUP KARO,colour_mismatch,The item received is dull compared to the bright image.,success,,
RT001925,hi no 🙏,unclear,The comment does not provide a specific reason for the return.,success,,
RT001927,late aaya aur packet bhi phata hua,damaged,The package was received damaged (phata hua).,success,,
RT001931,TIME PE NAHI AAYA TO AB KYAK ARU !!,delivery_late,The item was not delivered on time.,success,,
RT001932,"hello, same as before exchange nahi chahiye",changed_mind,The customer no longer wants the exchange.,success,,
RT001936,size chota hai aur kapda bhi patla,too_small,The size is too small and the fabric is thin.,success,,
RT001937,mummy ko pasand nai aaya 🙏,changed_mind,The item was not liked by the customer's mother.,success,,
RT001938,bada hai and colour bhi photo jaisa nahi,too_large,The item is too large and the color does not match the photo.,success,,
RT001940,late aaya aur packet bhi phata hua,damaged,The item arrived late and the package was torn.,success,,
RT001947,bhaiya isssue hai,unclear,The comment does not specify a clear reason for the return.,success,,
RT001949,hi pasand nahi aaya very disappointed,unclear,The comment expresses disappointment without a specific reason.,success,,
RT001950,delivery me 12 din lag gaye very disappointed,delivery_late,The comment states that delivery took too long.,success,,
RT001951,"chhota aa gaya, size chart galat hai refund chahiye",too_small,The comment indicates the item is too small and mentions a size chart issue.,success,,
RT001955,sir pls returrn pls return,unclear,The comment requests a return without providing a specific reason.,success,,
RT001956,mummy ko pasand nahi aaya,changed_mind,The comment indicates that the customer's mother did not like the item.,success,,
RT001959,deliivery me 12 din lag gaye refund chahiye,delivery_late,Customer states that delivery took 12 days.,success,,
RT001961,pls return exchange nahi chahiye,changed_mind,Customer indicates they do not want an exchange.,success,,
RT001962,"PLS GIFT THA, UNKO PASAND NAHI AAYA VERY DISAPPOINTED",changed_mind,Gift was not liked by the recipient.,success,,
RT001965,colour alag hai aur quality bhi average,colour_mismatch,Customer mentions the color is different and quality is average.,success,,
RT001970,bhaiya theek nahi hai,unclear,Comment does not specify a clear reason for return.,success,,
RT001972,sir too looes at waist,too_large,The item is too loose at the waist.,success,,
RT001975,"hello, size M bahut tight hai, L lnea padega",too_small,"The size M is too tight, needs size L.",success,,
RT001977,bada hai and colour bhi photo jaisa nahi,colour_mismatch,The item is larger than expected and the color does not match the photo.,success,,
RT001978,COLOUR MISMATCH JALDI PICKUP KARO,colour_mismatch,The customer explicitly mentions a color mismatch.,success,,
RT001981,pls size baa hai,too_large,The size is too big.,success,,
RT001983,mam quality achhi nahi hai,quality,Customer indicates the product quality is not good.,success,,
RT001986,late aaya aur packet bhi phata hua,damaged,The package was damaged and arrived late.,success,,
RT001998,hi size chart se bada nikla pls return,too_large,The item is larger than the size chart indicated.,success,,
RT001999,mam length bahut zyada hai jaldi pickup karo,too_large,The length of the item is too much.,success,,
RT002004,"sir gift tha, unko pasand nahi aaya",changed_mind,The gift was not liked by the recipient.,success,,
RT002007,"hello, colour fade sa hai photo jaisa nahi",colour_mismatch,The color of the product does not match the photo.,success,,
RT002011,bhaiya issue hia very disappointed,unclear,The comment expresses disappointment but does not specify a reason.,success,,
RT002014,mam shoulders gir rahe hain itna loose,too_large,The shoulders of the item are too loose.,success,,
RT002016,"mam gift tha, unko pasand nahi aaaya refund chahiye",changed_mind,"The gift was not liked by the recipient, leading to a refund request.",success,,
RT002021,"hello, dusri jagah sasta mil gaya refund chahiye",changed_mind,The customer found the item cheaper elsewhere and wants a refund.,success,,
RT002024,.,unclear,Comment does not provide a specific reason for the return.,success,,
RT002025,length bahut zyada hai,too_large,Comment indicates that the length is too much.,success,,
RT002027,damaged piece received,damaged,Comment states that a damaged piece was received.,success,,
RT002030,size badahai exchange nahi chahiye,changed_mind,Comment indicates that the customer does not want an exchange.,success,,
RT002031,BHAIYA BEKAR REFUND CHAHIYE,unclear,Comment expresses dissatisfaction but does not specify a reason.,success,,
RT002034,hi colour fade sa hai photo jaisa nahi,colour_mismatch,The color of the product is not as shown in the photo.,success,,
RT002038,"size M bahut tight hai, L lena padega",too_small,"The size M is too tight, needs to exchange for size L.",success,,
RT002040,bhaiya size bada hai,too_large,The size is too big.,success,,
RT002041,colour alag hai aur quality bhi average,quality,The color is different and the quality is average.,success,,
RT002045,bhaiya time pe nahi aaya to ab kya karu pls return,delivery_late,The product did not arrive on time.,success,,
RT002049,mummy ko pasand nhi aaya,changed_mind,Customer's mother did not like the item.,success,,
RT002054,MAM YE WALA SHADE NAHI THA WEBSITE PE,colour_mismatch,The shade received was not as shown on the website.,success,,
RT002056,"pls late delivery, mehndi ke baad aaya jaldi pickup karo",delivery_late,"The delivery was late, arriving after the event.",success,,
RT002058,"sir wrong size bheja, M order kiya tha XL aaya pls return",wrong_item,The wrong size was sent; customer ordered M but received XL.,success,,
RT002060,na,unclear,Comment is vague and does not specify a reason.,success,,
RT002061,mummy ko pasand nahi aaya jaldi pickup karo,changed_mind,Customer's mother did not like the item.,success,,
RT002066,size chart pe 38 likha tha but 36 jaisa hai,too_small,The size received is smaller than what was indicated on the size chart.,success,,
RT002072,sir function cancel ho gaya,changed_mind,The function for which the item was intended got cancelled.,success,,
RT002084,"fabric achha nahi, fitting bhi tight",quality,The fabric quality is poor and the fitting is tight.,success,,
RT002085,zip kaam nahi kar rahi,damaged,The zip of the item is not functioning.,success,,
RT002089,colour fade sa hai photo jaisa nahi,colour_mismatch,The color of the product does not match the photo.,success,,
RT002090,SIZE SE CHOTA H REFUND CHAHIYE,too_small,The size is smaller than expected.,success,,
RT002092,size chota hai aur kapda bhi patla,too_small,The size is small and the fabric is thin.,success,,
RT002095,bhaiya साइज़़ छोटा है very disappointed,too_small,The size is small and the customer is disappointed.,success,,
RT002097,accidentally order ho gaya exchange nahi chahiye,changed_mind,The customer accidentally placed the order and does not want an exchange.,success,,
RT002098,hi retunr,unclear,Comment does not provide a specific reason for return.,success,,
RT002102,😞 very disappointed,unclear,Comment expresses disappointment but lacks specific details.,success,,
RT002103,na,unclear,Comment is too vague to determine a specific issue.,success,,
RT002106,pls not good 🙏,unclear,Comment indicates dissatisfaction without a specific reason.,success,,
RT002107,"hello, accidentally order ho gaya 🙏",changed_mind,Comment indicates an accidental order.,success,,
RT002110,fabric rough hai skin pe chubhta hai pls return,quality,The fabric is rough and irritates the skin.,success,,
RT002113,bhaiya smaller than usual size refund chahiye,too_small,The item is smaller than the usual size.,success,,
RT002115,size chart se bada nikla,too_large,The item is larger than indicated by the size chart.,success,,
RT002116,see through hai kadpa refund chahiye,quality,The item is see-through and not as expected.,success,,
RT002117,theek nahi hai exchange nahi chahiye,unclear,The comment does not specify a clear reason for return.,success,,
RT002122,fabric rough hai skin pe chubhta haai exchange nahi chahiye,quality,The fabric is rough and irritating to the skin.,success,,
RT002129,late aaya aur packet bhi phata hua,damaged,The package was late and also damaged.,success,,
RT002133,bada hai and colour bhi photo jaisa nahi,colour_mismatch,The item is too large and the color does not match the photo.,success,,
RT002134,hi fnction cancel ho gaya,changed_mind,"The function was canceled, leading to a change of mind.",success,,
RT002137,hi accidentally order ho gaya,changed_mind,The order was placed accidentally.,success,,
RT002139,hi acha nahi laga exchange nahi chahiye,unclear,Customer did not like the item but did not provide a specific reason.,success,,
RT002140,hi maine kurti mangayi thi top aaya,wrong_item,Customer received a top instead of the kurti they ordered.,success,,
RT002141,SIR AB ZARURAT NAHI HAI JALDI PICKUP KARO,changed_mind,Customer no longer needs the item.,success,,
RT002143,"chhota aa gaya, size chart galat hai jaldi pickup karo",too_small,Customer received a smaller size than expected.,success,,
RT002146,accidentally order ho gaya,changed_mind,Customer accidentally placed the order.,success,,
RT002147,sir कड़ा बहुत पतला है,too_small,The customer indicates that the item is too tight.,success,,
RT002150,"hi Size small aaya, mera regular M h 🙏",too_small,The customer received a size small instead of their regular medium.,success,,
RT002151,size chota hai aur kapda bhi patla,too_small,The customer states the size is small and the fabric is thin.,success,,
RT002152,"hello, order bahut de rse mila refund chahiye",delivery_late,The customer mentions that the order was received very late and requests a refund.,success,,
RT002153,pls fabbric cheap lag raha hai refund chahiye,quality,The customer feels the fabric is cheap and is requesting a refund.,success,,
RT002155,bacche ke liye bhut bada hai refund chahiye,too_large,The item is too big for the child.,success,,
RT002156,late aaya aur packet bhi phata hua,damaged,The package was damaged upon arrival.,success,,
RT002164,pls colour fade sa hai photo jaisa naih 🙏,colour_mismatch,The color of the item does not match the photo.,success,,
RT002167,ab zraurat nahi hai exchange nahi chahiye,changed_mind,The customer no longer needs the item.,success,,
RT002169,bhaiya M mangaya tha bada aaya 🙏,too_large,The item ordered in size M arrived too big.,success,,
RT002170,ab zarurat  nahi hai,changed_mind,Customer no longer needs the item.,success,,
RT002173,bhaiya dusri jagah sasta mil gaya 🙏,changed_mind,Customer found a cheaper option elsewhere.,success,,
RT002175,mam delivery me 12 din lag gaye,delivery_late,Delivery took 12 days.,success,,
RT002177,colour alag hai aur quality bhi average,colour_mismatch,The color is different and quality is average.,success,,
RT002180,acha nahi laga,unclear,Customer did not like the item but did not specify why.,success,,
RT002181,"hello, rang halak hai bahut",colour_mismatch,The color is not as expected.,success,,
RT002182,"hello, ...",unclear,The comment is vague and does not specify a reason.,success,,
RT002183,mam same as before,unclear,The comment does not provide a specific reason for return.,success,,
RT002184,sir dusri jagah sasta mil gaya very disappointed,changed_mind,The customer found a cheaper option elsewhere.,success,,
RT002185,रंग फोटो से अलग है 🙏,colour_mismatch,The color is different from the photo.,success,,
RT002187,hi rturn 🙏,unclear,The comment does not provide a specific reason for the return.,success,,
RT002189,DONT NEED IT ANYMORE REFUND CHAHIYE,changed_mind,The customer indicates they no longer need the item.,success,,
RT002192,colour alag hai aur quality bhi average,colour_mismatch,The customer mentions a mismatch in color and average quality.,success,,
RT002193,HI MAINE KURTI MANGAYI THI TOP AAYA EXCHANGE NAHI CHAHIYE,wrong_item,The customer received a top instead of the kurti they ordered.,success,,
RT002195,"hello, same as before",unclear,The comment does not provide a specific reason for the return.,success,,
RT002196,"hello, pasand nahi aaya exchange nahi chahiye",unclear,The comment indicates dissatisfaction without a specific reason.,success,,
RT002198,"gift tha, unko pasand nahi aaya",changed_mind,The gift was not liked by the recipient.,success,,
RT002205,mam accidentally order ho gaya,changed_mind,The order was placed accidentally.,success,,
RT002206,bhaiya phata hua aaya,damaged,The item arrived damaged (phata hua).,success,,
RT002211,sir theek nahi hai,unclear,The comment indicates dissatisfaction without a specific reason.,success,,
RT002213,hi zip kaam nahi kar rahi !!,unclear,The comment does not specify a clear reason for the return.,success,,
RT002217,size chota hai aur kapda bhi patla,too_small,The comment indicates that the size is small and the fabric is thin.,success,,
RT002218,bhaiya function cancelh o gaya very disappointed,changed_mind,"The comment indicates that the function was canceled, leading to a change of mind.",success,,
RT002220,pls mind change ho gyaa,changed_mind,The comment explicitly states a change of mind.,success,,
RT002221,stain mila delivery pe very disappointed,damaged,"The comment mentions a stain found upon delivery, indicating damage.",success,,
RT002223,pls अच्छा नहीं लगा !!,unclear,The comment expresses dissatisfaction without a specific reason.,success,,
RT002225,"fabric achha nahi, fitting bhi tight",quality,The comment indicates issues with fabric quality and fitting.,success,,
RT002228,TIME PE NNAHI AAYA TO AB KYA KARU JALDI PICKUP KARO,delivery_late,The comment states that the item did not arrive on time.,success,,
RT002230,bhaiya order bahut der se mila pls return,delivery_late,The comment mentions that the order was received very late.,success,,
RT002232,SIR KAPDA BAHUT PATLA HAI REFUND CHAHIYE,quality,"The comment indicates that the fabric is very thin, implying a quality issue.",success,,
RT002235,very thin cloth !!,quality,The comment indicates a problem with the fabric being very thin.,success,,
RT002236,"fabric achha nahi, fitting bhi tight",quality,The comment mentions poor fabric quality and tight fitting.,success,,
RT002240,.,unclear,The comment is not specific and does not provide a clear reason.,success,,
RT002241,MAM MIND CHANGE HO  GAYA VERY DISAPPOINTED,changed_mind,The comment explicitly states a change of mind.,success,,
RT002245,sir dusri jagah sasta mil gaya exchange nahi chahiye,changed_mind,The comment indicates a preference for a cheaper option elsewhere.,success,,
RT002246,sir same as before jaldi pickup karo,unclear,The comment does not specify a clear reason for the return.,success,,
RT002247,pls fabric rough hai skin pe chubhta hai !!,quality,The comment indicates a problem with the fabric being rough and uncomfortable.,success,,
RT002249,waist pe nahi aaya,too_large,The comment indicates that the item did not fit at the waist.,success,,
RT002250,late aaya aur packet bhi phata hua,damaged,The comment mentions that the package was damaged and arrived late.,success,,
RT002251,sir quality achhi nahi hai,quality,The comment states that the quality of the product is not good.,success,,
RT002252,साइज़ छोटा है refund chahiye,too_small,The customer states the size is small and requests a refund.,success,,
RT002253,mam silai khuli hui thi aate hi pls return,damaged,The customer mentions that the stitching was open upon arrival.,success,,
RT002254,hi size bada hai very disappointed,too_large,The customer states the size is large and expresses disappointment.,success,,
RT002255,.,unclear,The comment is vague and does not provide a specific reason.,success,,
RT002257,"hello, time pe nahi aaya to ab kya kkaru exchange nahi chahiye",delivery_late,The customer indicates the item did not arrive on time and does not want an exchange.,success,,
RT002258,dont need it anmyore !!,changed_mind,Customer no longer needs the item.,success,,
RT002259,mustard bola tha ye to green yellow hai refund chahiye,colour_mismatch,Received a different color than ordered.,success,,
RT002260,color is ifferent from image,colour_mismatch,Color is different from the image.,success,,
RT002264,late aaya aur packet bhi phata hua,damaged,The package was damaged upon arrival.,success,,
RT002265,mind change ho gaya refund chahiye,changed_mind,Customer's mind has changed regarding the purchase.,success,,
RT002268,stian mila delivery pe !!,delivery_late,The comment indicates a problem with the delivery.,success,,
RT002270,"HELLO, OK REFUND CHAHIYE",changed_mind,The customer is requesting a refund without specifying a reason.,success,,
RT002272,sir mummy ko pasand nahi aaya jaldi pickup karo,changed_mind,The item was not liked by the customer's mother.,success,,
RT002273,M mangaya tha baad aaya pls return,changed_mind,The customer indicates a change in preference after receiving the item.,success,,
RT002275,sir mummy ko pasnad nahi aaya,changed_mind,The item was not liked by the customer's mother.,success,,
RT002279,hi mindchange ho gaya very disappointed,changed_mind,Customer indicates a change of mind and disappointment.,success,,
RT002280,size chota hai aur kapda bhi patla,too_small,Customer states the size is small and fabric is thin.,success,,
RT002281,SIR DONT NEED IT ANYMORE EXCHANGE NAHI CHAHIYE,unclear,Customer says they don't need it anymore without a specific reason.,success,,
RT002291,sir time pe nahi aaya to ab kya karu exchange nahi chahiye,delivery_late,Customer mentions the item did not arrive on time and does not want an exchange.,success,,
RT002292,delivery me 12 din lag gaye very disappointed,delivery_late,Customer expresses disappointment over the long delivery time.,success,,
RT002294,"bhaiya late delivery, mehndi ke baad aaya jaldi pickup karo",delivery_late,Customer mentions late delivery.,success,,
RT002295,"hello, too big, ekdum dheela",too_large,Customer states the item is too big.,success,,
RT002299,"hello, bacche e liye bahut bada hai",too_large,Customer indicates the item is too big for the child.,success,,
RT002302,hi beti ke liye liya tha chhota pad gaya jaldi pickup karo,too_small,Customer mentions the item is too small for the daughter.,success,,
RT002303,sir delivery me 12 din lag gaye exchange nahi chahiye,delivery_late,Customer states it took 12 days for delivery.,success,,
RT002305,sir 😞 exchange nahi chahiye,changed_mind,Customer does not want an exchange.,success,,
RT002306,order bahut der se mila,delivery_late,Customer received the order very late.,success,,
RT002308,ek wash me rang chala gaya pls return,quality,The color faded after one wash.,success,,
RT002309,hi mummy ko pasand nahi aaya exchange nahi chahiye,changed_mind,Customer's mother did not like the item and does not want an exchange.,success,,
RT002312,sme as before jaldi pickup karo,unclear,Comment does not specify a clear reason for return.,success,,
RT002314,mam pasand nahi aaya refund chahiye,unclear,The comment indicates dissatisfaction but does not specify a reason.,success,,
RT002315,pls size chart pe 38 likha tha but 36 jaisa hai,too_small,The size received is smaller than what was indicated on the size chart.,success,,
RT002316,HI PINK MANGAYA THA PEACH AAYA VERY DISAPPOINTED,colour_mismatch,The customer received a different color than what was ordered.,success,,
RT002317,sir accidentally order ho gaya 🙏,changed_mind,The customer indicates that the order was placed accidentally.,success,,
RT002318,pls reutrn !!,unclear,The comment requests a return but does not provide a specific reason.,success,,
RT002319,BHAIYA SAME AS BEFORE,unclear,The comment does not provide a specific reason for the return.,success,,
RT002326,shoulders gir rahe hain itna loose,too_large,The comment indicates that the shoulders are too loose.,success,,
RT002327,hi nahi chahiiye bas pls return,unclear,The comment does not provide a specific reason for the return.,success,,
RT002332,bhaiya ordered L but feels like S jaldi pickup karo,too_small,The customer ordered a large but feels it fits like a small.,success,,
RT002336,return,unclear,The comment does not provide a specific reason for the return.,success,,
RT002338,pls samea s before,unclear,Comment does not provide a specific reason for return.,success,,
RT002339,late aaya aur packet bhi phata hua,damaged,The packet was damaged upon delivery.,success,,
RT002344,late aaya aur packet bhi phata hua,damaged,The packet was damaged upon delivery.,success,,
RT002346,pink mangay tha peach aaya exchange nahi chahiye,colour_mismatch,Ordered pink but received peach; does not want an exchange.,success,,
RT002347,pls ... pls return,unclear,Comment does not provide a specific reason for return.,success,,
RT002349,not good refund chahiye,unclear,The comment does not specify a clear reason for the return.,success,,
RT002351,"hello, no",unclear,The comment does not provide a specific reason for the return.,success,,
RT002355,issue hai,unclear,The comment is vague and does not specify the issue.,success,,
RT002356,mummy ko pasand nahi aaya exchange nahi chahiye,changed_mind,"The item was not liked by the customer's mother, indicating a personal preference.",success,,
RT002357,bacche ke liye bahut bada hai,too_large,The item is too big for the child.,success,,
RT002360,"bhaiya gift tha, unko pasand nahi aaya pls return",changed_mind,The gift was not liked by the recipient.,success,,
RT002361,size chart se bada nikla refund chahiye,too_large,The item is larger than the size chart indicated.,success,,
RT002362,अच्छा नहीं लगा exchange nahi chahiye,unclear,The comment expresses dissatisfaction without a specific reason.,success,,
RT002366,.,unclear,The comment is not informative.,success,,
RT002369,na,unclear,The comment is not informative.,success,,
RT002370,mam bekar 🙏,unclear,Comment does not specify a clear reason for return.,success,,
RT002374,"hello, damaged pece received",damaged,Customer received a damaged piece.,success,,
RT002376,"hello, kapda bahut patla hai very disappointed",quality,Customer is disappointed with the thin fabric quality.,success,,
RT002377,bhaiya waist pe nahi aaya refund chahiye,too_large,Item did not fit at the waist.,success,,
RT002378,MAM QUALITY ACHHI NAHI HAI JALDI PICKUP KARO,quality,Customer is dissatisfied with the quality of the product.,success,,
RT002383,pasand nahi aaya,unclear,The comment indicates dissatisfaction without a specific reason.,success,,
RT002390,colour alag hai aur quality bhi average,colour_mismatch,The comment mentions a different color and average quality.,success,,
RT002394,mam ye wala shade nahi tha website pe pls return,colour_mismatch,The comment states that the shade received was not as shown on the website.,success,,
RT002399,order bahut der se mila refund chahiye,delivery_late,The comment explicitly mentions that the order was received very late.,success,,
RT002401,pls nt good 🙏,unclear,The comment expresses dissatisfaction without a specific reason.,success,,
RT002403,colour alag hai aur quality bhi average,colour_mismatch,The customer mentioned a difference in color and average quality.,success,,
RT002404,pink mangaya ha peach aaya,colour_mismatch,The customer received a peach item instead of the ordered pink.,success,,
RT002406,hi dusri jagah sasta mil gaya exchange nahi chahiye,changed_mind,The customer found a cheaper option elsewhere and does not want an exchange.,success,,
RT002408,sir pasand nah iaaya,unclear,The comment indicates the customer did not like the item but does not specify why.,success,,
RT002409,time pe nahi aaya to ab kya karu,delivery_late,The customer stated that the item did not arrive on time.,success,,
RT002412,pls shouldres gir rahe hain itna loose exchange nahi chahiye,too_large,The item is too loose and the customer does not want an exchange.,success,,
RT002413,MAM FITTING BAHUT TIGHT AI YAAR JALDI PICKUP KARO,too_small,The fitting is too tight for the customer.,success,,
RT002414,size chota hai aur kapda bhi patla,quality,The size is small and the fabric is thin.,success,,
RT002419,sie chart se bada nikla,too_large,The item is larger than indicated by the size chart.,success,,
RT002420,late aaya aur packet bhi phata hua,damaged,The item arrived late and the package was damaged.,success,,
RT002423,mam 😞 !!,unclear,The comment does not provide a specific reason for the return.,success,,
RT002426,ek wash me rang chala gaya pls return,quality,"The comment indicates that the color faded after one wash, suggesting a quality issue.",success,,
RT002427,bada hai and colour bhi photo jaisa nahi,too_large,The comment states that the item is too large and also mentions a color mismatch.,success,,
RT002429,"hello, रंग फोटो से अलग है !!",colour_mismatch,The comment explicitly states that the color is different from the photo.,success,,
RT002437,😞,unclear,The comment does not provide a specific reason for the return.,success,,
RT002439,dusri jagah sasta mil gaya,changed_mind,Customer found the item cheaper elsewhere.,success,,
RT002440,mam lenth bhi kam hai aur tight bhi refund chahiye,too_small,Customer states the length is short and the item is tight.,success,,
RT002442,bhaiya pehli dhulai me shrink ho gaya,quality,Customer reports the item shrank after the first wash.,success,,
RT002449,hi अच्छा नहीं लगा 🙏,unclear,Customer expresses dissatisfaction without a specific reason.,success,,
RT002450,"bhaiya late delivery, mehndi ke baad aaya",delivery_late,Customer mentions the item arrived late after an event.,success,,
RT002451,mam अच्छा नहींलगा refund chahiye,unclear,Comment indicates dissatisfaction without a specific reason.,success,,
RT002454,late aaya aur packet bhi phata hua,damaged,Comment mentions both late delivery and a damaged package.,success,,
RT002456,mam अच्छा नहीं लगा very disappointed,unclear,Comment indicates dissatisfaction without a specific reason.,success,,
RT002457,late aaya aur packet bhi phata hua,damaged,Comment mentions both late delivery and a damaged package.,success,,
RT002458,"sir gift tha, uko pasand nahi aaya jaldi pickup karo",changed_mind,Comment indicates the gift was not liked by the recipient.,success,,
RT002462,bhaiya ach nahi laga,unclear,The comment expresses dissatisfaction without a specific reason.,success,,
RT002463,"HELLO, PHATA HUA AAYA VERY DISAPPOINTED",damaged,The comment indicates that the item arrived damaged.,success,,
RT002466,"hello, stitching kharab hai, dhaage nikal rahe pls return",quality,The comment specifies a problem with the stitching quality.,success,,
RT002470,ab zarurat nahi hai pls return,changed_mind,The comment indicates a change in need for the item.,success,,
RT002472,bacche k eliye bahut bada hai pls return,too_large,The comment states that the item is too large for the intended recipient.,success,,
RT002474,mam color i sdifferent from image exchange nahi chahiye,colour_mismatch,"The color is different from the image, and the customer does not want an exchange.",success,,
RT002475,colour alag hai aur quality bhi average,quality,The customer mentions that the color is different and the quality is average.,success,,
RT002476,"late delivery, mehndi ke baad aaya pls return",delivery_late,The customer states that the delivery was late and requests a return.,success,,
RT002477,बहुत टाइट हहै !!,too_small,The customer indicates that the item is very tight.,success,,
RT002481,"sir size M bahut tight hai, L lena padega",too_small,The customer states that size M is too tight and they need to get size L.,success,,
RT002485,bhaiya ab zarurat nai hai exchange nahi chahiye,changed_mind,Customer no longer needs the item and does not want an exchange.,success,,
RT002486,"hello, mustard bola tha ye to green yellow hai 🙏",colour_mismatch,The customer received a different color than what was ordered.,success,,
RT002489,bada hai and colour bhi photo jaisa nahi,too_large,The item is too large and the color does not match the photo.,success,,
RT002491,"hello, fitting bahut tight hai yaar 🙏",too_small,The fitting of the item is too tight for the customer.,success,,
RT002492,mind change ho gaya refund chahiye,changed_mind,Customer's mind has changed and they are requesting a refund.,success,,
RT002496,pls fabric cheap lag raha hai 🙏,quality,Customer indicates the fabric feels cheap.,success,,
RT002498,MAM PINK MANGAYA THA PEAHC AAYA EXCHANGE NAHI CHAHIYE,wrong_item,Customer received a peach item instead of the ordered pink.,success,,
RT002499,mummy ko pasand nahi aaya jaldi pickup karo,changed_mind,The item was not liked by the customer's mother.,success,,
RT002500,"hello, phata hua aaya very disappointed",damaged,Customer received a torn item.,success,,
RT002502,hi bekar,unclear,Comment expresses general dissatisfaction without specific reason.,success,,
RT002505,mind change ho gaya,changed_mind,The customer indicates a change of mind.,success,,
RT002507,"pls gift tha, unko pasand nahi aaya exchange nahi chahiye",changed_mind,"The item was a gift and the recipient did not like it, leading to a change of mind.",success,,
RT002510,size chota hai,too_small,The customer states that the size is small.,success,,
RT002511,no refund chahiye,unclear,The comment does not provide a specific reason for the return.,success,,
RT002512,"hello, Size small aaya, mera regular M h",too_small,The customer received a small size instead of their regular medium.,success,,
RT002513,NOT AS EXPECTED,unclear,The comment does not specify a clear reason for the return.,success,,
RT002517,RETURN PLS RETURN,unclear,The comment does not provide a specific reason for the return.,success,,
RT002518,achha nahi laga very disappointed,unclear,The comment expresses disappointment but does not specify a reason.,success,,
RT002519,pls zip kaam nahi kar rahi refund chahiye,damaged,"The comment indicates that the zip is not working, implying a product issue.",success,,
RT002520,"mam gift tha, unko pasand nahi aaya pls return",changed_mind,The comment indicates that the gift was not liked by the recipient.,success,,
RT002522,bhaiya not as expected jaldi pickup karo,unclear,Comment indicates dissatisfaction but does not specify a clear reason.,success,,
RT002525,colour alag hai aur quality bhi average,colour_mismatch,Comment mentions a mismatch in color and average quality.,success,,
RT002526,NAHI CHAHIYE BAS JALDI PICKUP KARO,unclear,Comment states 'NAHI CHAHIYE BAS' without a specific reason.,success,,
RT002527,bhaiya accidentally order ho gaya jaldi pickup karo,changed_mind,"Comment indicates an accidental order, suggesting a change of mind.",success,,
RT002530,"hello, quality achhi nahi hai",quality,Comment explicitly states that the quality is not good.,success,,
RT002533,AB ZARURAT NAHI HAI JALDI PICKUP KARO,unclear,The comment indicates a lack of need without specifying a reason.,success,,
RT002537,MUMMY KO PASAND NAHI AAYA !!,changed_mind,The comment indicates that the customer's mother did not like the item.,success,,
RT002538,sir naih chahiye bas pls return,unclear,The comment states a desire to return without providing a specific reason.,success,,
RT002539,"mam bahut late aaya, function nikal gaya exchange nahi chahiye",delivery_late,The comment mentions that the item arrived late and the function has passed.,success,,
RT002540,bhaiya pasand nahi aaya pls return,unclear,The comment indicates that the customer did not like the item without further details.,success,,
RT002543,quality achhi nai hai,quality,The comment indicates a problem with the quality of the product.,success,,
RT002547,mummy ko pasand nahi aaya,changed_mind,The comment indicates that the customer's mother did not like the item.,success,,
RT002550,sir min change ho gaya jaldi pickup karo,changed_mind,The comment suggests a change in circumstances requiring a quick pickup.,success,,
RT002551,pls 😞,unclear,The comment does not provide a specific reason for the return.,success,,
RT002554,pls ...,unclear,The comment does not provide a specific reason for the return.,success,,
RT002559,"hello, dusri jagah sasta mil gaya very disappointed",changed_mind,Customer found a cheaper option elsewhere.,success,,
RT002561,size chart se  bada nikla pls return,too_large,The item is larger than the size chart indicated.,success,,
RT002565,size chart pe 38 likha tha but 36 jaisa hai exchange nahi chahiye,too_small,The item is smaller than expected based on the size chart.,success,,
RT002572,hi fitting bahut tight hai yaar,too_small,The fitting is too tight.,success,,
RT002573,pasand nhi aaya pls return,unclear,Customer did not like the item but did not specify a reason.,success,,
RT002574,"hello, quality bilkul bekar",quality,Comment indicates poor quality of the product.,success,,
RT002576,"fabric achha nahi, fitting bhi tight",quality,Comment mentions poor fabric quality and tight fitting.,success,,
RT002577,hi rang bilkul alag hai pls return,colour_mismatch,Comment states that the color is completely different.,success,,
RT002578,ordered L but feels like S refund chahiye,too_small,Comment indicates that the ordered size feels smaller than expected.,success,,
RT002580,"hi bahut late aaya, function nikal gaya",delivery_late,Comment states that the delivery was very late.,success,,
RT002582,dont need it anymore 🙏,changed_mind,Customer no longer needs the item.,success,,
RT002583,function cancel ho gaya pls return,changed_mind,"Event was cancelled, customer requests return.",success,,
RT002584,hi ab zarurat nhi hai !!,changed_mind,Customer states they no longer need the item.,success,,
RT002585,"MAM BAHUT LATE AAYA, FUNCTION NIKAL GAYA 🙏",delivery_late,Delivery was late and the event has passed.,success,,
RT002590,"fabric achha nahi, fitting bhi tight",quality,Customer reports poor fabric quality and tight fitting.,success,,
RT002592,pasand nahi aaya exchange nahi chahiye,changed_mind,Customer does not want the item anymore and does not wish to exchange.,success,,
RT002595,"fabric achha nahi, fitting bhi tight",quality,Customer mentions poor fabric quality and tight fitting.,success,,
RT002596,mam button toota hua tha,damaged,Customer reports a broken button on the item.,success,,
RT002600,bacche ke liye bahut bada hai,too_large,Item is too big for the child.,success,,
RT002604,"hello, kada bahut patla hai refund chahiye",quality,"Customer states the kada is too thin, indicating a quality issue.",success,,
RT002605,rang bilkul alag hi exchange nahi chahiye,colour_mismatch,The color is completely different and the customer does not want an exchange.,success,,
RT002606,rang bilkul alag hai,colour_mismatch,The color is completely different.,success,,
RT002613,PHATA HUA AAYA,damaged,The product arrived damaged.,success,,
RT002614,function cancel ho gaya,changed_mind,The function was canceled.,success,,
RT002617,late aaya aur packet bhi phata hua,damaged,The package arrived late and also damaged.,success,,
RT002622,"hello, shoulders gir rahe hain itna loose refund chahiye",too_large,"The shoulders are too loose, indicating the item is too large.",success,,
RT002623,delivery me 12 din lag gaye,delivery_late,"The delivery took 12 days, which is late.",success,,
RT002627,😞 exchange nahi chahiye,unclear,The comment indicates a lack of interest in an exchange without specifying a reason.,success,,
RT002629,size chota hai aur kapda bhi patla,too_small,"The size is too small, as mentioned in the comment.",success,,
RT002630,PLS QUALITY ACHHI NAHI HAI REFUND CHAHIYE,quality,The comment explicitly states that the quality is not good.,success,,
RT002632,size chota hai aur kapda bhi patla,too_small,The size is too small.,success,,
RT002639,shoulders gir rahe hain itna loose very disappointed,too_large,The shoulders are loose and the customer is disappointed.,success,,
RT002642,mam same as before pls return,unclear,The comment does not provide a specific reason for the return.,success,,
RT002644,bada hai and colour bhi photo jaisa nahi,colour_mismatch,The color does not match the photo and the item is too large.,success,,
RT002645,"hello, fitting bahut tight hai yaar very disappointed",too_small,The fitting is too tight.,success,,
RT002646,image me bright tha real me dulll hai very disappointed,colour_mismatch,"The customer is disappointed because the product's color in the image was bright, but the actual product is dull.",success,,
RT002647,colour alag hai aur quality bhi average,colour_mismatch,The customer mentions that the color is different and the quality is average.,success,,
RT002648,size chota hai aur kapda bhi patla,too_small,The customer states that the size is small and the fabric is thin.,success,,
RT002649,sir fabric rough hai skin pe chubhta hai,quality,The customer describes the fabric as rough and irritating to the skin.,success,,
RT002654,pls length bhi kam hai aur tight bhi very disappointed,too_large,"The customer indicates that the length is short and the fit is tight, expressing disappointment.",success,,
RT002657,"bhaiya late delivery, mehndi ke baad aaya 🙏",delivery_late,Customer mentioned late delivery.,success,,
RT002664,pls pasand nahi aaa,unclear,Comment indicates dissatisfaction without a specific reason.,success,,
RT002666,FABRIC ROUGHHAI SKIN PE CHUBHTA HAI JALDI PICKUP KARO,quality,Customer reported rough fabric causing discomfort.,success,,
RT002668,"fabric achha nahi, fitting bhi tight",quality,Customer mentioned poor fabric quality and tight fitting.,success,,
RT002669,mam ... pls return,unclear,Comment does not specify a reason for return.,success,,
RT002670,ab zarurat nahi hai very disappointed,unclear,The comment indicates dissatisfaction without a specific reason.,success,,
RT002676,size bada hai,too_large,The comment explicitly states that the size is too large.,success,,
RT002678,mam M mangya tha bada aaya very disappointed,too_large,The comment indicates that the item received is larger than expected.,success,,
RT002680,pasand nahi aaya,unclear,The comment expresses dislike without specifying a reason.,success,,
RT002681,damaged piece received,damaged,The comment states that a damaged piece was received.,success,,
RT002682,"hello, smaller than usual size",too_small,The item is smaller than usual size.,success,,
RT002683,"late delivery, mehndi ke baad aaya",delivery_late,The delivery was late.,success,,
RT002685,"bhaiya stitching kharab hai, dhaage nikal rahe pls return",damaged,The stitching is poor and threads are coming out.,success,,
RT002688,na,unclear,The comment is vague with no specific reason.,success,,
RT002690,bhaiya pasand nahi aaya jaldi pickup karo,changed_mind,The customer did not like the item.,success,,
RT002691,hi dusri jagah sasta mil gaya refund chahiye,changed_mind,Customer found a cheaper option elsewhere.,success,,
RT002692,bada hai and colour bhi photo jaisa nahi,colour_mismatch,The item is larger than expected and the color does not match the photo.,success,,
RT002695,SIR TIGHT HAI JALDI PICKUP KARO,too_small,The item is too tight for the customer.,success,,
RT002696,"mam chhota aa gaya, size chart galat hai exchange nahi chahiye",too_small,The item is too small and the size chart is incorrect.,success,,
RT002697,late aaya aur packet bhi phata hua,damaged,The package arrived late and was damaged.,success,,
RT002698,PHATA HUA AAYA 🙏,damaged,The product is explicitly mentioned as damaged.,success,,
RT002700,"pls wrong size bheja, m order kiya tha xl aaya 🙏",wrong_item,The customer received the wrong size.,success,,
RT002701,bahut tight h shoulders pe pls return,too_small,The item is too tight for the customer.,success,,
RT002705,bhaiya अच्छा नहीं लगा,unclear,The comment expresses dissatisfaction without a specific reason.,success,,
RT002708,mam mummy ko pasand nahi aaya very disappointed,changed_mind,The item was not liked by a family member.,success,,
RT002713,deivery me 12 din lag gaye !!,delivery_late,The comment states that delivery took 12 days.,success,,
RT002715,ab zarurat nahi hai pls return,changed_mind,The comment indicates that the customer no longer needs the item.,success,,
RT002716,mam fnuction cancel ho gaya,changed_mind,The comment mentions that an event has been canceled.,success,,
RT002718,pls 😞 refund chahiye,unclear,The comment only expresses a desire for a refund without a specific reason.,success,,
RT002724,sir accidentally order ho gaya 🙏,changed_mind,The comment indicates that the order was placed accidentally.,success,,
RT002725,"bahut late aya, function nikal gaya pls return",delivery_late,"The item arrived very late, causing the function to be missed.",success,,
RT002727,issue hai,unclear,The comment is vague and does not specify the issue.,success,,
RT002728,length bahut zyada hai 🙏,too_large,The length of the item is mentioned as too much.,success,,
RT002731,"hello, acha nahi laga !!",unclear,The comment expresses dissatisfaction without a specific reason.,success,,
RT002734,mam very thincloth !!,quality,"The comment indicates that the fabric is very thin, suggesting a quality issue.",success,,
RT002740,beti ke liye liya tha chhota pad gaya very disappointed,too_small,The item is too small for the customer's daughter.,success,,
RT002742,hi quality achhi nahi hai jaldi pickup karo,quality,The customer is dissatisfied with the quality of the product.,success,,
RT002747,hi dusri jagah sasta mil gaya 🙏,changed_mind,The customer found the item cheaper elsewhere.,success,,
RT002748,size chota hai aur kapda bhi patla,too_small,The size is too small and the fabric is thin.,success,,
RT002749,"bhaiya too big, ekkdum dheela 🙏",too_large,The item is too big and loose for the customer.,success,,
RT002752,hi no very disappointed,unclear,Comment does not specify a clear reason for return.,success,,
RT002755,"sir size m bahut tight hai, l lena padega pls return",too_small,Customer states the size is too tight and needs a larger size.,success,,
RT002759,bhaiya pls return,unclear,Comment does not specify a clear reason for return.,success,,
RT002760,"hello, bahut late aaya, function nikal gaya !!",delivery_late,Customer mentions the item arrived late and missed an event.,success,,
RT002765,... pls return,unclear,Comment does not specify a clear reason for return.,success,,
RT002767,sir mummy ko psaand nahi aaya,changed_mind,Customer's mother did not like the item.,success,,
RT002768,bhaiya अच्छा नहीं लगा pls return,unclear,Customer states they did not like the item but does not provide a specific reason.,success,,
RT002769,function cance ho gaya exchange nahi chahiye,changed_mind,Customer no longer needs the item due to a cancelled function.,success,,
RT002773,bhaiya accidentally order ho gaya,changed_mind,Customer accidentally placed the order.,success,,
RT002775,mind change ho gaya !!,changed_mind,Customer's mind has changed regarding the purchase.,success,,
RT002780,"mam stitching kharab hai, dhaage nikal rahe 🙏",quality,Customer mentions poor stitching and loose threads.,success,,
RT002786,"mam bahut late aaya, function nikal gaya",delivery_late,Customer states the item arrived very late and missed the function.,success,,
RT002790,pls quality bilkul bekar 🙏,quality,Customer describes the quality as completely bad.,success,,
RT002792,"fabric achha nahi, fitting bhi tight",quality,Customer complains about the fabric and tight fitting.,success,,
RT002794,pls time pe nahi aaya to ab kya karu exchange nahi chahiye,changed_mind,Customer indicates they no longer want the item due to late delivery.,success,,
RT002796,ek wash me rang chala gaya jaldi pickup karo,quality,The color faded after one wash.,success,,
RT002804,"hello, size chota hai jaldi pickup karo",too_small,The size is too small.,success,,
RT002805,mam waist pe nahi aaya,too_large,The item did not fit at the waist.,success,,
RT002810,PLS WRONG ITEM RECEIVED,wrong_item,The wrong item was received.,success,,
RT002812,pehli dhulai me shrink ho gaya,quality,The item shrank after the first wash.,success,,
RT002813,dont need it anymore,changed_mind,Customer no longer needs the item.,success,,
RT002814,kapda bahut patla hai very disappointed,quality,Customer is disappointed with the thin fabric quality.,success,,
RT002815,... 🙏,unclear,Comment is vague and does not specify a reason.,success,,
RT002819,"hello, no very disappointed",unclear,Comment expresses disappointment without a specific reason.,success,,
RT002820,sir mummy ko pasand nahi aaya jaldi pickup karo,changed_mind,The item was not liked by the customer's mother.,success,,
RT002821,mam hole hai sleeve pe jaldi pickup karo,damaged,The comment indicates that there is a hole in the sleeve.,success,,
RT002824,size chota hai aur kapda bhi patla,too_small,The comment states that the size is small and the fabric is thin.,success,,
RT002827,bhaiya accidentally order ho gaya 🙏,changed_mind,The comment indicates that the order was placed accidentally.,success,,
RT002828,no,unclear,The comment simply states 'no' without further explanation.,success,,
RT002830,sir very thin cloth,quality,"The comment mentions that the cloth is very thin, indicating a quality issue.",success,,
RT002832,hi dont need it anymore exchange nahi chahiye,changed_mind,Customer no longer needs the item and does not want an exchange.,success,,
RT002833,mam dont need it anymore,changed_mind,Customer indicates they do not need the item anymore.,success,,
RT002834,अच्छा नहीं लगा,unclear,Comment expresses dissatisfaction without a specific reason.,success,,
RT002835,sir colour fade sa haiphoto jaisa nahi,colour_mismatch,Customer states the color is faded and not as shown in the photo.,success,,
RT002837,not good pls return,unclear,Comment states 'not good' without specifying the issue.,success,,
RT002839,SIZE CAHRT PE 38 LIKHA THA BUT 36 JAISA HAI REFUND CHAHIYE,too_small,The size received is smaller than what was ordered.,success,,
RT002842,DELIVERY ME 12 DIN LAG GAYE JALDI PICKUP KARO,delivery_late,"The delivery took 12 days, which is considered late.",success,,
RT002843,bhaiya wrong item received !!,wrong_item,The customer received an incorrect item.,success,,
RT002845,"lat edelivery, mehndi ke baad aaya",delivery_late,"The delivery was late, arriving after the event.",success,,
RT002847,"hello, length bahut zyada hai",too_large,The length of the item is too large for the customer.,success,,
RT002849,hi time pe nahi aaya to ab kya karu !!,delivery_late,The comment states that the item did not arrive on time.,success,,
RT002851,not good pls return,unclear,The comment expresses dissatisfaction without specifying a reason.,success,,
RT002852,"bhaiya late delivery, mehndi ke baad aaya",delivery_late,The comment indicates that the delivery was late.,success,,
RT002855,image me bright tha real me dull hai refund chahiye,colour_mismatch,The comment mentions that the item is dull in reality compared to the bright image.,success,,
RT002856,"hello, pasand nahi aaya",unclear,The comment states that the item was not liked without further details.,success,,
RT002857,"sir bahtu late aaya, function nikal gaya 🙏",delivery_late,"The item arrived late, causing the function to be missed.",success,,
RT002859,quality achhi nahi hai !!,quality,The customer explicitly states that the quality is not good.,success,,
RT002863,size chota hai aur kapda bhi patla,too_small,"The size is too small, and the fabric is also thin.",success,,
RT002865,HI MIND CHANGE HO GAYA JALDI PICKUP KARO,changed_mind,The customer indicates a change of mind regarding the purchase.,success,,
RT002869,HI TIM EPE NAHI AAYA TO AB KYA KARU JALDI PICKUP KARO,delivery_late,"The item did not arrive on time, prompting a request for pickup.",success,,
RT002872,function cancel ho gaya 🙏,changed_mind,The event was cancelled.,success,,
RT002873,bahut loose hai very disappointed,too_large,The item is too loose.,success,,
RT002875,AB ZARURAT NAHI HAI,unclear,The comment indicates no longer needing the item without a specific reason.,success,,
RT002876,dont need it anymore jaldi pickup karo,changed_mind,The customer no longer needs the item.,success,,
RT002877,mam रंग फोटो से अलग है pls return,colour_mismatch,The color of the item is different from the photo.,success,,
RT002878,XL BHI TIGHT HAI KYA SIZE H YE JALDI PICKUP KARO,too_small,The customer indicates that the XL size is tight.,success,,
RT002879,pls return pls return,unclear,The comment does not specify a reason for the return.,success,,
RT002880,ye mera order nahi hai,wrong_item,The customer states that the order received is not theirs.,success,,
RT002881,bhaiya pasand nahi aaya exchange nahi chahiye,changed_mind,The customer mentions they did not like the item and do not want an exchange.,success,,
RT002886,pls not as expected 🙏,unclear,The comment indicates dissatisfaction but does not specify a reason.,success,,
RT002887,mummy ko pasand nahi aaya very disappointed,changed_mind,Customer's mother did not like the item.,success,,
RT002888,SIR PHATA HUA AAYA JALDI PICKUP KARO,damaged,The item arrived damaged.,success,,
RT002891,pls bacche ke liye bahut bada hai !!,too_large,The item is too big for the child.,success,,
RT002895,PASAND NAHI AAYA,unclear,Customer simply stated they did not like it without further details.,success,,
RT002897,mam length bahut zyada hai !!,too_large,The length of the item is too much.,success,,
RT002899,doosra colour bhej diya,wrong_item,The customer received the wrong color.,success,,
RT002901,"fabric achha nahi, fitting bhi tight",quality,The customer mentioned poor fabric quality and tight fitting.,success,,
RT002904,mam quality bilkul bekar,quality,The customer explicitly stated that the quality is very poor.,success,,
RT002908,size chota hai aur kapda bhi patla,too_small,The customer indicated that the size is small.,success,,
RT002910,pls image me bright tha real me dull hai,colour_mismatch,The customer noted a difference in color between the image and the actual product.,success,,
RT002915,hi theekn ahi hai refund chahiye,unclear,The comment does not specify a clear reason for the return.,success,,
RT002916,nahi chahiye bas jaldi pickup karo,unclear,The comment indicates a desire to return but does not provide a specific reason.,success,,
RT002918,retrun exchange nahi chahiye,changed_mind,The comment indicates that the customer does not want to proceed with the return or exchange.,success,,
RT002919,"too bigg, ekdum dheela",too_large,The comment explicitly states that the item is too big.,success,,
RT002921,not good jaldi pickup karo,unclear,The comment expresses dissatisfaction but does not specify a reason.,success,,
RT002922,bhaiya colour alaghai photo se refund chahiye,colour_mismatch,The customer is requesting a refund due to a color difference from the photo.,success,,
RT002926,pasand nahi aaya,unclear,The comment indicates dissatisfaction without a specific reason.,success,,
RT002928,"hello, bahut late aaya, function nikal gaya !!",delivery_late,"The customer states that the item arrived very late, causing them to miss an event.",success,,
RT002931,mam size chart pe 38 likha tha but 36 jaisa hai very disappointed,too_small,The customer received a size smaller than expected based on the size chart.,success,,
RT002932,bekar 🙏,unclear,The comment expresses general dissatisfaction without a specific reason.,success,,
RT002938,colour alag hai aur quality bhi average,colour_mismatch,The comment indicates a mismatch in color and mentions average quality.,success,,
RT002939,MAM TIME PE NAHI AAYA TO AB KYA KARU !!,delivery_late,The comment states that the item did not arrive on time.,success,,
RT002941,pls not good very disappointed,unclear,The comment expresses disappointment without specifying a clear reason.,success,,
RT002942,"hello, mind change ho gaya jaldi pickup karo",changed_mind,The comment indicates a change of mind regarding the purchase.,success,,
RT002943,"bahut ltae aaya, function nikal gaya",delivery_late,"The comment mentions that the item arrived very late, causing a missed function.",success,,
RT002945,colour alag hai aur quality bhi average,colour_mismatch,The comment indicates a mismatch in color and mentions average quality.,success,,
RT002949,bhaiya pehli dhulai me shrink ho gaya,quality,"The comment states that the item shrank after the first wash, indicating a quality issue.",success,,
RT002950,mam mummy ko pasand nahi aaya,changed_mind,The comment indicates that the customer's mother did not like the item.,success,,
RT002952,bhaiya theek nahi hai,unclear,The comment simply states that the item is not okay without providing a specific reason.,success,,
RT002954,अच्छा नहीं लगा PLS RETURN,unclear,The comment expresses dissatisfaction without a specific reason.,success,,
RT002957,sir wrong item received very disappointed,wrong_item,Customer received the wrong item.,success,,
RT002961,pls dont need it anymore,changed_mind,Customer no longer needs the item.,success,,
RT002962,bahut tight h shoulders pe 🙏,too_small,Item is too tight on the shoulders.,success,,
RT002963,hi bekar 🙏,unclear,Comment expresses general dissatisfaction without specific reason.,success,,
RT002964,mam rang bilkul alag hai very disappointed,colour_mismatch,Customer is disappointed with the color being different.,success,,
RT002965,"fabric achha nahi, fitting bhi tight",quality,Customer mentions poor fabric and tight fitting.,success,,
RT002970,"hello, rang halka hai bahut exchange nahi chahiye",changed_mind,Customer indicates they do not want to exchange due to personal preference.,success,,
RT002971,hi button toota hau tha refund chahiye,damaged,Customer reports a broken button and requests a refund.,success,,
RT002973,colour alag hai aur quality bhi average,colour_mismatch,Customer states the color is different and mentions average quality.,success,,
RT002974,bhaiya ... jaldi pickup karo,delivery_late,"Customer is requesting a quick pickup, implying a delay.",success,,
RT002976,"hello, not as expected !!",unclear,Comment does not specify a clear reason for return.,success,,
RT002979,bada hai and colour bhi photo jaisa nahi,too_large,Customer states the item is too big.,success,,
RT002982,"pls photo me maroon dikha, aaya brown",colour_mismatch,Customer indicates the color received is not as shown in the photo.,success,,
RT002987,sir bahut tight h shoulderss pe,too_small,Customer mentions the item is too tight on the shoulders.,success,,
RT002988,-,unclear,Comment is not informative and does not provide a reason.,success,,
RT002989,...,unclear,Comment does not specify a clear reason for return.,success,,
RT002991,pls colour alag hai photo se pls return,colour_mismatch,Customer states the color is different from the photo.,success,,
RT002993,"stitching kharab hai, dhaage nikal rahe",quality,Customer mentions poor stitching and loose threads.,success,,
RT002994,hi pasand nahi aaya very disappointed,unclear,Comment expresses disappointment without a specific reason.,success,,
RT002995,hi hole hai sleeve pe pls return,damaged,Customer reports a hole in the sleeve.,success,,
RT002996,acha nahi laga,unclear,The comment does not specify a clear reason for the return.,success,,
RT002998,mind changeho gaya jaldi pickup karo,changed_mind,The comment indicates a change of mind.,success,,
RT003002,sir 😞 very disappointed,unclear,The comment expresses disappointment but does not specify a reason.,success,,
RT003006,"chhota aa gaya, size chart galat hai exchange nahi chahiye",too_small,The comment indicates the item is too small and the size chart is incorrect.,success,,
RT003007,"hello, length bhi kam hai aur tight bhi 🙏",too_small,The comment indicates the item is tight and the length is short.,success,,
RT003008,mind change ho gaya refund chahiye,changed_mind,Customer indicates a change of mind and requests a refund.,success,,
RT003009,orderb ahut der se mila 🙏,delivery_late,Customer states that the order was received very late.,success,,
RT003010,"hello, too big, ekdum dheela",too_large,Customer mentions that the item is too big and loose.,success,,
RT003012,bhaiya ab zarurat nahi hai 🙏,changed_mind,Customer states that they no longer need the item.,success,,
RT003014,hi colour fade sa hai photo jaisa nahi exchange nahi chahiye,colour_mismatch,Customer notes that the color is faded and not as shown in the photo.,success,,
RT003016,"late delivery, mehndi ke baad aaya",delivery_late,Customer mentioned late delivery.,success,,
RT003017,bhaiya function cancel ho gaya 🙏,changed_mind,Customer's function got cancelled.,success,,
RT003019,pls size chota hai,too_small,Customer stated the size is too small.,success,,
RT003020,"late delivery, mehndi ke baad aya 🙏",delivery_late,Customer mentioned late delivery.,success,,
RT003021,"hello, same as before 🙏",unclear,Comment does not specify a clear reason.,success,,
RT003024,-,unclear,Comment does not provide a specific reason for the return.,success,,
RT003027,ok jaldi pickup karo,unclear,Comment does not provide a specific reason for the return.,success,,
RT003028,bhaiya packet khula tha aur kapde pe daag hai !!,damaged,The packet was open and the clothes had a stain.,success,,
RT003029,ok,unclear,Comment does not provide a specific reason for the return.,success,,
RT003031,bhaiya not as expected exchange nahi chahiye,changed_mind,Customer states the item is not as expected and does not want an exchange.,success,,
RT003033,bhaiya rang bilkul alag hai,colour_mismatch,The color is explicitly stated to be different.,success,,
RT003039,sir mind chane ho gaya 🙏,changed_mind,The customer indicates a change of mind.,success,,
RT003041,mam size chta hai 🙏,too_large,The customer mentions needing a smaller size.,success,,
RT003042,"hello, sleves tight hai arms me 🙏",too_small,The customer states that the sleeves are tight.,success,,
RT003043,SIR COLOR IS DIFFERENT FROM IMAGE,colour_mismatch,The color is explicitly stated to be different from the image.,success,,
RT003045,late aaya aur packet bhi phata hua,damaged,The package was damaged and arrived late.,success,,
RT003047,"hello, function cancel ho gaya",changed_mind,"The customer canceled the function, indicating a change in preference.",success,,
RT003049,hi button toota hua tah !!,damaged,"The button was broken, indicating a product defect.",success,,
RT003050,sir pasand nahi aaya,unclear,The comment indicates dissatisfaction without a specific reason.,success,,
RT003051,bada hai and colour bhi photo jaisa nahi,colour_mismatch,The customer mentioned the size is too large and the color does not match the photo.,success,,
RT003052,BHAIYA BETI KE LIYE LIYYA THA CHHOTA PAD GAYA VERY DISAPPOINTED,too_small,The item is too small for the intended recipient.,success,,
RT003054,dont need ita nymore,changed_mind,The customer no longer needs the item.,success,,
RT003055,pasand nahi aaya exchange nahi chahiye,unclear,The comment indicates dissatisfaction without a specific reason.,success,,
RT003058,waist pe nahi aaya pls return,too_large,The item does not fit properly at the waist.,success,,
RT003059,"chhota aa gaya, siez chart galat hai 🙏",too_small,The item is too small and the size chart is incorrect.,success,,
RT003061,acha nahi laag exchange nahi chahiye,unclear,The comment does not provide a specific reason for the return.,success,,
RT003062,YE MERA ORDER  NAHI HAI EXCHANGE NAHI CHAHIYE,unclear,The comment indicates the item is not the order but lacks a specific reason.,success,,
RT003064,pls stain mila deliveyr pe very disappointed,damaged,"The comment mentions a stain on the delivery, indicating damage.",success,,
RT003065,hi smaller than usual size jaldi pickup karo,too_small,The comment states the item is smaller than usual.,success,,
RT003066,ab zarurat nahi hai pls return,changed_mind,The comment indicates a change in need for the item.,success,,
RT003067,"fabric achha nahi, fitting bhi tight",quality,The comment indicates poor fabric quality and tight fitting.,success,,
RT003071,pls acicdentally order ho gaya,changed_mind,The comment suggests the order was placed accidentally.,success,,
RT003073,...,unclear,The comment is not specific and does not provide a clear reason.,success,,
RT003074,pls sleeves tight hai arms me exchange nahi chahiye,too_small,The comment indicates that the sleeves are tight and the customer does not want an exchange.,success,,
RT003078,"hello, sleeves tight hai arms me !!",too_small,The comment mentions that the sleeves are tight in the arms.,success,,
RT003080,bhaiya pink mangaya tha peach aaya,colour_mismatch,Customer ordered pink but received peach.,success,,
RT003084,hi अच्छा नहीं लगा exchange nahi chahiye,unclear,Customer is dissatisfied but does not specify a reason.,success,,
RT003089,function cancel ho gaya jaldi pickup karo,changed_mind,"Customer's event was cancelled, leading to the return.",success,,
RT003090,sir length bahut zyda hai !!,too_large,Customer finds the length too long.,success,,
RT003091,oversized lag raha haij abki regular fit likha tha exchange nahi chahiye,too_large,Customer feels the item is oversized despite ordering regular fit.,success,,
RT003094,bhaiya sleeves tight hai arms  me,too_small,The sleeves are tight on the arms.,success,,
RT003101,"hello, pehli dhulai me shrink ho gaya !!",quality,The item shrank after the first wash.,success,,
RT003103,अच्छा नहीं गा jaldi pickup karo,unclear,The comment expresses dissatisfaction without a specific reason.,success,,
RT003104,see through hai kapda pls return,quality,The fabric is see-through.,success,,
RT003106,sir maine kurti mangayi thi top aaya pls return,wrong_item,The customer received a top instead of the ordered kurti.,success,,
RT003108,MAM SAME AS BEFORE EXCHANGE NAHI CHAHIYE,unclear,The comment indicates a lack of desire for the item but does not specify a clear reason.,success,,
RT003112,ek wash me rang chala gaya,quality,"The comment mentions that the color faded after one wash, indicating a quality issue.",success,,
RT003113,pls print utar raha hai,quality,"The comment states that the print is coming off, which is a quality problem.",success,,
RT003115,"HELLO, MIND CHANGE HO GAYA",changed_mind,The comment explicitly states a change of mind regarding the purchase.,success,,
RT003118,bhaiya silai khuli hui thi aate hi,damaged,"The comment indicates that the stitching was open upon arrival, which is a damage issue.",success,,
RT003119,colour alag hai aur quality bhi average,colour_mismatch,The comment indicates a mismatch in color and mentions average quality.,success,,
RT003120,mam too loose at waist exchange nahi chahiye,too_large,The comment states that the item is too loose at the waist.,success,,
RT003124,"hello, material not as described, ye cotton nahi lagta !!",quality,The comment mentions that the material is not as described and does not feel like cotton.,success,,
RT003125,PLS MIND CHANGE HO GAYA VERY DISAPPOINTED,changed_mind,The comment explicitly states a change of mind.,success,,
RT003127,"hello, mummy ko pasand nahi aaya jaldi pickup karo",changed_mind,The comment indicates that the item was not liked by the customer's mother.,success,,
RT003130,"fabric achha nahi, fitting bhi tight",quality,The comment mentions poor fabric quality and tight fitting.,success,,
RT003131,"bhaiya gift tha, unko pasand nahi aaya exchange nahi chahiye",changed_mind,The customer indicates that the gift was not liked and they do not want an exchange.,success,,
RT003135,"mam gift tha, unko pasand nahi aaya jaldi pickup karo",changed_mind,The customer states the gift was not liked and requests a quick pickup.,success,,
RT003137,bada hai and colour bhi photo jaisa nahi,colour_mismatch,The customer mentions the item is too large and the color does not match the photo.,success,,
RT003138,YE WALA SHADE NAHI THA WEBSITE PE,colour_mismatch,The customer states that the shade received was not the same as shown on the website.,success,,
RT003143,hi function cancel ho gaya,changed_mind,The customer indicates a cancellation of plans.,success,,
RT003145,mummy ko pasand nahi aaya very disappointed,changed_mind,The item was not liked by the customer's mother.,success,,
RT003147,sir बहुत टाइट है very disappointed,too_small,The item is too tight for the customer.,success,,
RT003148,late aaya aur packet bhi phata hua,damaged,The package arrived late and was also damaged.,success,,
RT003149,not good !!,unclear,The comment expresses general dissatisfaction without specific reasons.,success,,
RT003150,function cancel ho gaya,changed_mind,The event has been cancelled.,success,,
RT003153,pls tight hai 🙏,too_small,The item is too tight.,success,,
RT003161,colour alag hai aur quality bhi average,colour_mismatch,The colour is different and the quality is average.,success,,
RT003164,mummy ko pasand nahi aaya,changed_mind,The customer's mother did not like the item.,success,,
RT003168,AB ZAURAT NAHI HAI 🙏,changed_mind,The customer no longer needs the item.,success,,
RT003169,bhaiya pink mangaya tha peach aaya refund chahiye,wrong_item,Customer received a peach item instead of the ordered pink.,success,,
RT003170,mam mind change ho gaya 🙏,changed_mind,Customer indicates a change of mind.,success,,
RT003171,pls not as epxected,unclear,Comment does not specify a clear reason for return.,success,,
RT003172,PLS SEE THROUGH HAI KAPDA 🙏,quality,Customer mentions the fabric is see-through.,success,,
RT003174,mam nt good jaldi pickup karo,unclear,Comment does not provide a specific reason for dissatisfaction.,success,,
RT003175,bhaiya length bhi kam hai aur tight bhi very disappointed,too_small,The customer mentions the item is tight.,success,,
RT003177,"photo me maroon dikha, aaya brown exchange nahi chahiye",colour_mismatch,The customer received a different color than shown in the photo.,success,,
RT003178,hi very thin cloth jaldi pickup karo,quality,The customer describes the cloth as very thin.,success,,
RT003186,HI STAIN MILA DELIVERY PE,damaged,The customer received the item with a stain.,success,,
RT003187,dont need it anymore,changed_mind,The customer states they don't need the item anymore.,success,,
RT003188,TIGHT HAI 🙏,too_small,The item is described as tight.,success,,
RT003189,hi silai khuli hui thi aate hi,damaged,The stitching is mentioned as being open.,success,,
RT003190,"loose fitting, mere size ka nahi lagta very disappointed",too_large,The fitting is loose and does not match the customer's size.,success,,
RT003191,"fabric achha nahi, fitting bhi tight",quality,The fabric quality is poor and the fitting is tight.,success,,
RT003193,bhaiya dusri jagah sasta mil gaya 🙏,changed_mind,The customer found a cheaper option elsewhere.,success,,
RT003194,oversiized lag raha hai jabki regular fit likha tha !!,too_large,The item is oversized compared to the expected fit.,success,,
RT003197,colour alag hai aur quality bhi average,colour_mismatch,The color is different and the quality is average.,success,,
RT003199,pls ab zarurat nahi hai,changed_mind,The customer no longer needs the item.,success,,
RT003200,mam ab zarurat nah hai,changed_mind,The customer no longer needs the item.,success,,
RT003201,mam shoulders gir rahe hain itna loose very disappointed,too_large,"The shoulders are too loose, indicating the item is too large.",success,,
RT003204,no,unclear,The comment does not provide a specific reason for the return.,success,,
RT003208,sir fitting bahtu tight hai yaar,too_small,The comment indicates that the fitting is too tight.,success,,
RT003212,bhaiya accidentally order ho gaya jaldi pickup karo,changed_mind,The comment indicates that the order was placed accidentally.,success,,
RT003214,hi no pls return,unclear,The comment does not provide a specific reason for the return.,success,,
RT003216,size chart se ada nikla,too_large,The comment indicates that the size is larger than expected based on the size chart.,success,,
RT003217,not as expected,unclear,The comment does not specify a clear reason for the return.,success,,
RT003219,hi time e nahi aaya to ab kya karu pls return,delivery_late,The comment indicates that the item has not arrived on time.,success,,
RT003221,sir bekar refund chahiye,unclear,The comment expresses dissatisfaction but does not provide a specific reason.,success,,
RT003222,sir return !!,unclear,The comment simply requests a return without specifying a reason.,success,,
RT003223,bhaiya pls return 🙏,unclear,The comment requests a return but does not explain why.,success,,
RT003224,hi packet khula tha aur kapde pe daag hai,damaged,The package was open and the cloth has a stain.,success,,
RT003225,dusri jagah sasta mil gaya !!,changed_mind,The customer found the item cheaper elsewhere.,success,,
RT003228,bada hai and colour bhi photo jaisa nahi,too_large,The item is too big and the color does not match the photo.,success,,
RT003230,"hello, hole hai sleeve pe !!",damaged,There is a hole in the sleeve.,success,,
RT003231,"hello, ok !!",unclear,The comment does not provide a specific reason for the return.,success,,
RT003232,pls return 🙏,unclear,The comment does not specify a reason for the return.,success,,
RT003235,bhaiya size chart pe 38 likha tha but 36 jaisa hai refund chahiye,too_small,The size received is smaller than expected.,success,,
RT003248,hi pasand nahi aaya !!,unclear,The comment indicates dissatisfaction without a specific reason.,success,,
RT003250,"hi size m bahut tight hai, l lena padega",too_small,"The size M is too tight, indicating it is smaller than needed.",success,,
RT003255,"hello, gift tha, unko pasand nahi aaya !!",changed_mind,The gift was not liked by the recipient.,success,,
RT003256,fitting bahut tight hai yaar !!,too_small,The fitting is too tight.,success,,
RT003257,size baad hai 🙏,too_large,The size is too big.,success,,
RT003258,function cancel ho gaya jaldi pickup karo,changed_mind,The function was cancelled.,success,,
RT003260,function cancel ho gaya !!,changed_mind,The function was cancelled.,success,,
RT003261,"hello, ordered L but feels like S 🙏",too_small,Ordered size L but feels like S.,success,,
RT003262,"gift tha, unko pasand nahi aaya !!",changed_mind,The gift was not liked by the recipient.,success,,
RT003263,xl bhi tight hai kya size h ye jaldi pickup karo,too_small,"The XL size is tight, indicating it is too small.",success,,
RT003265,hi time pe nahi aaya to ab kyakaru pls return,delivery_late,"The item did not arrive on time, prompting a return request.",success,,
RT003266,"hello, mumm ko pasand nahi aaya",changed_mind,The item was not liked by the customer's mother.,success,,
RT003268,HI TIGHT HAI REFUND CHAHIYE,too_small,"The item is tight, indicating it is too small.",success,,
RT003269,bhaiya delivery me 12 din lag gaye 🙏,delivery_late,Customer states that delivery took 12 days.,success,,
RT003272,"bhaiya material not as described, ye cotton nahi lagta 🙏",quality,Customer mentions the material is not as described and does not feel like cotton.,success,,
RT003273,colour alag hai aur quality bhi average,colour_mismatch,Customer indicates the color is different and mentions average quality.,success,,
RT003274,"pls bahut late aaya, function nikal gaya",delivery_late,Customer states the item arrived very late and missed a function.,success,,
RT003277,accidentally order ho gaya jaldi pickup karo,changed_mind,Customer indicates the order was placed accidentally.,success,,
RT003281,pls ordered LL but feels like S jaldi pickup karo,too_small,Ordered size LL but feels like S.,success,,
RT003282,mummy ko pasand nahi aaya,changed_mind,Mother did not like the item.,success,,
RT003283,hi length bhi kam hai aur tight bhi jaldi pickup karo,too_small,Item is tight and length is short.,success,,
RT003289,damaged piece received,damaged,Received a damaged piece.,success,,
RT003293,same as efore refund chahiye,unclear,Comment does not specify a clear reason.,success,,
RT003295,size se chota h exchange nahi chahiye,too_small,The size is smaller than expected.,success,,
RT003298,"hello, size M bahut tight hai,  Llena padega 🙏",too_small,The size M is too tight.,success,,
RT003299,pls acha nahi laga very disappointed,unclear,The comment expresses general dissatisfaction without a specific reason.,success,,
RT003300,bhaiya dusri jagah sasta mil gaya 🙏,changed_mind,The customer found a cheaper option elsewhere.,success,,
RT003302,hi order bahut der se mila exchange nahi chahiye,delivery_late,The order was received very late.,success,,
RT003303,mam dusri jagah sasta mil gaya exchange nahi chahiye,changed_mind,Customer found a cheaper option elsewhere and does not want to exchange.,success,,
RT003305,pls ...,unclear,Comment is not clear and does not provide a specific reason.,success,,
RT003307,na,unclear,Comment is not clear and does not provide a specific reason.,success,,
RT003310,pls oversized lag raha hai jabki regular fit likha tha jaldi pickup karo,too_large,Customer states the item feels oversized despite being labeled as regular fit.,success,,
RT003316,accidentally order ho gaya,changed_mind,Customer accidentally placed the order.,success,,
RT003318,bada hai and colour bhi photo jaisa nahi,too_large,The item is too large and the color does not match the photo.,success,,
RT003319,hi return pls return,unclear,The comment does not provide a specific reason for the return.,success,,
RT003320,HI RANG HALKA HAI BAHUT,colour_mismatch,The color is lighter than expected.,success,,
RT003325,BHAIYA SAME AS BEFORE REFUND CHAHIYE,unclear,The comment does not specify a reason for the return.,success,,
RT003328,bada hai and colour bhi photo jaisa nahi,too_large,The item is too large and the color does not match the photo.,success,,
RT003329,PINK  MANGAYA THA PEACH AAYA REFUND CHAHIYE,wrong_item,Customer received a different color than ordered.,success,,
RT003331,colour alag hai aur quality bhi average,colour_mismatch,Customer mentioned the color is different and quality is average.,success,,
RT003334,pls shoulders gir rahe hain itna looe exchange nahi chahiye,too_large,Customer stated the shoulders are loose and does not want an exchange.,success,,
RT003338,mam rang halka hai bbahut 🙏,colour_mismatch,Customer indicated the color is lighter than expected.,success,,
RT003340,SIR MUMMY KO PASNAD NAHI AAYA EXCHANGE NAHI CHAHIYE,changed_mind,Customer's mother did not like the item and does not want an exchange.,success,,
RT003341,maine kurti mangayi thi top aaya,wrong_item,The customer received a top instead of the ordered kurti.,success,,
RT003342,bhaiya dont need it anymore 🙏,changed_mind,The customer no longer needs the item.,success,,
RT003348,hi sohulders gir rahe hain itna loose pls return,too_large,The customer finds the shoulders of the item too loose.,success,,
RT003349,"fabric achha nahi, fitting bhi tight",quality,The customer is dissatisfied with the fabric quality and fitting.,success,,
RT003352,sir pasand nhi aaya 🙏,unclear,The comment indicates dissatisfaction without a specific reason.,success,,
RT003357,"pls bahut late aaya, function nikal gaya pls return",delivery_late,"The item arrived late, causing the function to be missed.",success,,
RT003358,MAM PASAND NAHI AAYA 🙏,unclear,The comment indicates dissatisfaction without a specific reason.,success,,
RT003364,bhaiya colour alag hai photo se very disappointed,colour_mismatch,The color of the item is different from what was shown in the photo.,success,,
RT003365,hi acha nahi laga jaldi pickup karo,unclear,The comment expresses dislike without a specific reason.,success,,
RT003367,"hello, fitting bahut tight hai yaar",too_small,The fitting of the item is described as very tight.,success,,
RT003368,hi bahut tight h shoulders pe pls return,too_small,The item is too tight at the shoulders.,success,,
RT003370,issue hai !!,unclear,The comment does not specify a clear reason for the return.,success,,
RT003371,MAM AB ZARURAT NAHI HAI REFUND CHAHIYE,changed_mind,The customer no longer needs the item and is requesting a refund.,success,,
RT003373,late aaya aur packet bhi phata hua,damaged,The package was damaged upon arrival.,success,,
RT003375,mam length bhi kam hai aur tihgt bhi,too_small,The item is both too short and tight.,success,,
RT003376,ab zarurat nahi hai !!,changed_mind,Customer no longer needs the item.,success,,
RT003384,colour alag hai aur quality bhi average,colour_mismatch,The colour is different and quality is average.,success,,
RT003385,too loose at waist 🙏,too_large,The item is too loose at the waist.,success,,
RT003386,"sir material not as described, ye cotton nahi lagta",quality,"The material is not as described, not cotton.",success,,
RT003387,late aaya aur packet bhi phata hua,damaged,The package was damaged and arrived late.,success,,
RT003388,late aaya aur packet bhi phata hua,damaged,The package was damaged upon arrival.,success,,
RT003390,late aaya aur packet bhi phata hua,damaged,The package was damaged upon arrival.,success,,
RT003394,pls no !!,unclear,The comment does not provide a specific reason for the return.,success,,
RT003396,MAM PEHLI DHULAI ME SHRINK HO GAYA 🙏,quality,"The product shrank after the first wash, indicating a quality issue.",success,,
RT003398,mummy ko pasand nahi aaya refund chahiye,changed_mind,"The item was not liked by the customer's mother, leading to a refund request.",success,,
RT003399,return pls return,unclear,The comment does not specify a reason for the return.,success,,
RT003400,pls sleeves tight hai arms me 🙏,too_small,The comment indicates that the sleeves are tight.,success,,
RT003402,"gift tha, unko pasand nahi aaya",changed_mind,The gift was not liked by the recipient.,success,,
RT003407,sir theek nahi hai 🙏,unclear,The comment does not provide a specific reason for dissatisfaction.,success,,
RT003408,sir ek wash me rang chala gaya very disappointed,damaged,"The comment states that the color faded after one wash, indicating a quality issue.",success,,
RT003409,"sir photo me maroon dikha, aaya brown 🙏",colour_mismatch,The item received is a different color than shown in the photo.,success,,
RT003410,"hello, size baa hai jaldi pickup karo",too_large,The size is too large.,success,,
RT003413,BHAIYA LEGTH BAHUT ZYADA HAI VERY DISAPPOINTED,too_large,The length of the item is too much.,success,,
RT003416,"SIZE M BAHUT TIGHT HAI, L LENA PADEGA VERY DISAPPOINTED",too_small,"The size M is too tight, needs to exchange for L.",success,,
RT003419,mam same as before refund chahiye,unclear,The comment requests a refund without specifying a reason.,success,,
RT003422,colour mismatch,colour_mismatch,The comment explicitly states a colour mismatch.,success,,
RT003424,"pls chhota aa gaya, size chart galat hai refund chahiye",too_small,The comment indicates the item is too small based on the size chart.,success,,
RT003425,"hello, bekar 🙏",unclear,The comment expresses general dissatisfaction without a specific reason.,success,,
RT003428,bhaiya packet khula tha aur kapde pe daag hai !!,damaged,The comment mentions a damaged item and an opened package.,success,,
RT003429,"sir bahut late aaya, function niikal gaya",delivery_late,The comment states that the delivery was very late.,success,,
RT003431,ab zarurat nahi hi,changed_mind,Customer indicates they no longer need the item.,success,,
RT003436,"pls photo me maroon dikha, aaya brown",colour_mismatch,Customer received a brown item instead of the maroon one shown in the photo.,success,,
RT003441,"bahut late aya, function nikal gaya pls return",delivery_late,Customer states the item arrived late and missed the function.,success,,
RT003442,साइज़ छोटा है !!,too_small,Customer mentions the size is too small.,success,,
RT003444,साइज़ छोटा है exchange nahi chahiye,too_small,Customer states the size is too small and does not want an exchange.,success,,
RT003448,.,unclear,Comment does not provide a specific reason.,success,,
RT003449,hi ... 🙏,unclear,Comment does not provide a specific reason.,success,,
RT003451,"fabric achha nahi, fitting bhi tight",quality,Comment indicates poor fabric quality and tight fitting.,success,,
RT003452,bhaiya length bhi kam hai aur tight bhi,too_small,Comment mentions the item is tight and short in length.,success,,
RT003453,sir ek wash me rang chala gaya jaldi pickup karo,damaged,Comment states that the color faded after one wash.,success,,
RT003457,hi colour mismatch !!,colour_mismatch,Customer mentions a mismatch in color.,success,,
RT003463,colour alag hai aur quality bhi average,quality,Customer indicates both color mismatch and average quality.,success,,
RT003465,late aaya aur packet bhi phata hua,damaged,Customer states the package was late and also damaged.,success,,
RT003466,colour alag hai aur quality bhi average,quality,Customer mentions both color mismatch and average quality.,success,,
RT003467,रंग फोटो से अलग है !!,colour_mismatch,Customer states the color is different from the photo.,success,,
RT003470,"mam late delivery, mehndi ke baad aaya",delivery_late,Customer mentions late delivery.,success,,
RT003471,rang halka hai bahut very disappointed,colour_mismatch,Customer is disappointed with the light color.,success,,
RT003472,pls no refund chahiye,unclear,Comment does not specify a clear reason for return.,success,,
RT003479,"stitching kharab hai, dhaage nikal rahe very disappointed",quality,Customer reports poor stitching and loose threads.,success,,
RT003480,MAM FITTING BBAHUT TIGHT HAI YAAR !!,too_small,Customer states the fitting is very tight.,success,,
RT003483,sir issue hai,unclear,The comment does not specify a clear reason for the return.,success,,
RT003485,"fabric achha nahi, fitting bhi tight",quality,The comment mentions poor fabric quality and tight fitting.,success,,
RT003486,"HELLO, BAHUTT IGHT H SHOULDERS PE",too_small,The comment indicates that the item is too tight on the shoulders.,success,,
RT003488,bhaiya delivery me 12 din lag gaye jaldi pickup karo,delivery_late,The comment states that delivery took too long.,success,,
RT003493,colour alag hai photo se pls return,colour_mismatch,The comment indicates that the color is different from the photo.,success,,
RT003495,waist pe nahi aaya,too_large,The item does not fit well at the waist.,success,,
RT003496,ordered L but feels like S exchange nahi chahiye,too_small,Ordered size L but feels like size S.,success,,
RT003497,"hello, too loose at waist exchange nahi chahiye",too_large,The item is too loose at the waist.,success,,
RT003498,mam dusri jagah sasta mil gaya 🙏,changed_mind,Found the same item cheaper elsewhere.,success,,
RT003499,BHAIYA SAME AS BEFRE,unclear,Comment does not provide a specific reason for return.,success,,
RT003500,bhaiya bekar pls return,unclear,Comment does not specify a clear reason for return.,success,,
RT003504,acha nah laga,unclear,Comment does not specify a clear reason for return.,success,,
RT003505,"fabric achha nahi, fitting bhi tight",quality,Comment indicates poor fabric quality and fitting issue.,success,,
RT003507,BAHUT TIGHT H SHOULDERS PE,too_small,Comment indicates the item is too tight.,success,,
RT003508,bahut loose hai very disappointed,too_large,Comment indicates the item is too loose.,success,,
RT003511,bada hai and colour bhi photo jaisa nahi,too_large,The item is too large and the color does not match the photo.,success,,
RT003515,"bahut late aaya, function nikal gaya refund chahiye",delivery_late,"The item arrived very late, causing the function to be missed.",success,,
RT003519,SIR NAHI CHAHIYE BAS 🙏,unclear,The comment indicates a lack of desire for the item without a specific reason.,success,,
RT003520,delivery me 12 din lag gaye jaldi pickup karo,delivery_late,"The delivery took 12 days, and the customer requests a pickup.",success,,
RT003524,colour alag hai aur quality bhi average,colour_mismatch,The color is different and the quality is described as average.,success,,
RT003525,size chota hai aur kapda bhi patla,too_small,The size is too small.,success,,
RT003530,pls कपड़ा बहुत पतला है jaldi pickup karo,quality,The fabric is very thin.,success,,
RT003531,dont need it anymore,changed_mind,The customer no longer needs the item.,success,,
RT003532,silai khuli hui thi aate hi,damaged,The stitching was open upon arrival.,success,,
RT003533,packet khula tha aur kapde pe daag hai jaldi pickup karo,damaged,The package was open and the cloth has stains.,success,,
RT003535,bhaiya mustard bola tha ye to green yello whai exchange nahi chahiye,colour_mismatch,Customer received a different color than requested.,success,,
RT003537,hi अच्छा नहीं लगा very disappointed,unclear,Customer expresses general dissatisfaction without a specific reason.,success,,
RT003539,DOORSA COLOUR BHEJ DIYA EXCHANGE NAHI CHAHIYE,colour_mismatch,Customer received a different color than requested.,success,,
RT003540,sir see through hai akpda !!,quality,"Customer indicates the fabric is see-through, suggesting a quality issue.",success,,
RT003541,"fabric achha nahi, fitting bhi tight",quality,Customer mentions poor fabric quality and tight fitting.,success,,
RT003546,hi baht loose hai pls return,too_large,The item is too loose for the customer.,success,,
RT003547,hi very thin cloth !!,quality,The customer is dissatisfied with the thinness of the cloth.,success,,
RT003548,"Size small ayaa, mera regular M h exchange nahi chahiye",too_small,The size received is smaller than expected.,success,,
RT003550,"photo me maroon dikha, aaya brown",colour_mismatch,The color received is different from what was shown in the photo.,success,,
RT003553,pls dont need it anymore !!,changed_mind,The customer no longer needs the item.,success,,
RT003557,"gift tha, unko pasand nahi aaya",changed_mind,The gift was not liked by the recipient.,success,,
RT003559,SIR PRINT UTAR RAHA HAI !!,quality,The print is coming off.,success,,
RT003562,fabric  rough hai skin pe chubhta hai !!,quality,The fabric is rough and irritates the skin.,success,,
RT003563,DUSRI JAGAH SASTA MIL GAYA REFUND CHAHIYE,changed_mind,Found a cheaper option elsewhere.,success,,
RT003564,delivery me 12 din lag gaye exchange nahi chahiye,delivery_late,Delivery took 12 days and no exchange is needed.,success,,
RT003565,bhaiya nahi chahiye bas refund chahiye,unclear,The comment does not provide a specific reason for the return.,success,,
RT003566,pls color is different from image jaldi pickup karo,colour_mismatch,The customer states that the color is different from the image.,success,,
RT003570,bhaiya XL bhi tight hai kya size h ye !!,too_small,The customer indicates that the XL size is tight.,success,,
RT003575,see through hai kapda 🙏,quality,The customer mentions that the fabric is see-through.,success,,
RT003577,"HI LOOSE FITTING, MERE SIZE KA NAHI LAGTA 🙏",too_large,The customer states that the fitting is loose and does not fit their size.,success,,
RT003578,sir saller than usual size jaldi pickup karo,too_large,The item is larger than usual size.,success,,
RT003580,bada hai and colour bhi photo jaisa nahi,too_large,The item is too big and the color does not match the photo.,success,,
RT003583,SIR MIND HANGE HO GAYA EXCHANGE NAHI CHAHIYE,changed_mind,The customer no longer wants the item.,success,,
RT003585,"late delivery, mehndi ke bad aaya 🙏",delivery_late,The delivery was late.,success,,
RT003586,mummy ko pasand nahi aaya very disappointed,unclear,The comment indicates disappointment without a specific reason.,success,,
RT003588,size chart se bada nikla very disappointed,too_large,The size is larger than expected based on the size chart.,success,,
RT003590,mam ab zarurat nahi hai !!,changed_mind,The customer no longer needs the item.,success,,
RT003591,hi ek wash me rang chala gaya very disappointed,quality,"The color faded after one wash, indicating a quality issue.",success,,
RT003593,function cancelho gaya 🙏,changed_mind,"The function was canceled, leading to a change in need for the item.",success,,
RT003597,mam no,unclear,The comment is vague and does not specify a reason for the return.,success,,
RT003599,na,unclear,Comment does not provide a specific reason for the return.,success,,
RT003600,"late delivery, mehndi ke baad aaya refund chahiye",delivery_late,Comment explicitly mentions late delivery.,success,,
RT003601,acha nahi laga,unclear,Comment expresses dissatisfaction without a specific reason.,success,,
RT003604,PLS RANG BILKUL ALAG HAI,colour_mismatch,Comment indicates that the color is completely different.,success,,
RT003605,pls return very disappointed,unclear,Comment expresses disappointment without a specific reason.,success,,
RT003608,"hello, ab zarurat nahi hai refund chahiye",changed_mind,Customer no longer needs the item.,success,,
RT003616,pink mangaya tha peach aaya,colour_mismatch,Customer received a peach item instead of the ordered pink.,success,,
RT003621,sir print utar raha hai,quality,Customer reports that the print is coming off.,success,,
RT003622,mustard bola tha ye to green yellow hai refund chahiye,colour_mismatch,Customer received a green-yellow item instead of the ordered mustard.,success,,
RT003627,pls sme as before,unclear,Comment does not provide a specific reason for return.,success,,
RT003628,bahut tight h shoulders pe,too_small,The item is too tight in the shoulders.,success,,
RT003637,rang bilkul alag hai pls return,colour_mismatch,The color is completely different from what was expected.,success,,
RT003639,mam nahi chahiye bas 🙏,unclear,The comment does not provide a specific reason for the return.,success,,
RT003640,"mam material not as descrbied, ye cotton nahi lagta",quality,The material is not as described and does not appear to be cotton.,success,,
RT003641,hi size chart pe 38 likha tha but 36 jaisa hai refund chahiye,too_small,The size received is smaller than what was indicated on the size chart.,success,,
RT003644,MAM MUMMY KO PASAND NAHI AAYA 🙏,changed_mind,Customer's mother did not like the item.,success,,
RT003647,print utar raha hai 🙏,quality,The print is coming off.,success,,
RT003648,mam smaller than usual size exchange nahi chahiye,too_small,The item is smaller than usual size.,success,,
RT003649,pls rang bilkul aalg hai,colour_mismatch,The color is completely different.,success,,
RT003659,colour fade sa hai photo jaisa nahi,colour_mismatch,The color has faded and does not match the photo.,success,,
RT003661,function cncel ho gaya,changed_mind,The event has been cancelled.,success,,
RT003664,bhaiya fabric rough hai skin pe chubhta hai,quality,The fabric is rough and irritates the skin.,success,,
RT003665,sir issue hai,unclear,The comment does not specify the issue.,success,,
RT003667,hi dusri jagah sasta mil gaya,changed_mind,The customer found a cheaper option elsewhere.,success,,
RT003671,HI ISSUE HAI,unclear,The comment does not specify the issue.,success,,
RT003672,pls no jaldi pickup karo,delivery_late,"Customer is requesting a quick pickup, indicating a delay.",success,,
RT003673,SILAI HKULI HUI THI AATE HI REFUND CHAHIYE,damaged,"Customer mentions poor stitching ('SILAI HKULI HUI'), indicating a damaged product.",success,,
RT003675,no !!,unclear,Comment is vague and does not provide a specific reason for return.,success,,
RT003680,bhaiya mind channge ho gaya jaldi pickup karo,changed_mind,Customer indicates a change of mind ('mind channge ho gaya').,success,,
RT003686,"pls kurti bahut fit hai, breathe nahi kar pa rahi 🙏",too_small,Customer states the kurti is too fit and uncomfortable ('breathe nahi kar pa rahi').,success,,
RT003687,bada hai and colour bhi photo jaisa nahi,too_large,The item is too large and the color does not match the photo.,success,,
RT003688,bhaiya dusri jagah sasta iml gaya pls return,changed_mind,The customer found a cheaper option elsewhere.,success,,
RT003693,"late delivery, mehndi ke baad aaya",delivery_late,The item was delivered late.,success,,
RT003697,late aaya aur packet bhi phata hua,damaged,The package was damaged upon delivery.,success,,
RT003702,pls image me bright tha real me dull hai jaldi pickup karo,colour_mismatch,The color of the item is dull compared to the bright image.,success,,
RT003703,PASAND NAHI AAAY REFUND CHAHIYE,unclear,The comment indicates dissatisfaction without a specific reason.,success,,
RT003704,BHAIYA ORDER BAHUT DER SE MILA,delivery_late,The comment states that the order was received very late.,success,,
RT003705,function canccel ho gaya !!,changed_mind,"The comment indicates a cancellation of an event, leading to a change of mind.",success,,
RT003706,pls 😞,unclear,The comment expresses a vague sentiment without a specific reason.,success,,
RT003710,"hello, बहुत टाइट है !!",too_small,The comment indicates that the item is too tight.,success,,
RT003711,size chota hai aur kapda bhi patla,too_small,The size is too small.,success,,
RT003712,mummy ko pasand nahi aaya exchange nahi chahiye,changed_mind,The customer's mother did not like the item and they do not want an exchange.,success,,
RT003713,xl bhi tight ahi kya size h ye,too_small,The XL size is still tight.,success,,
RT003714,not as expected 🙏,unclear,The comment indicates dissatisfaction without a specific reason.,success,,
RT003715,quality bilkul bekar very disappointed,quality,The quality of the product is described as very poor.,success,,
RT003717,sir functio ncancel ho gaya,changed_mind,"The function was cancelled, indicating a change in circumstances.",success,,
RT003719,bhaiya function cancel ho gaya 🙏,changed_mind,"The function was cancelled, indicating a change in circumstances.",success,,
RT003723,bhaiya size bada hai exchange nahi chahiye,too_large,The customer mentioned that the size is too large.,success,,
RT003726,hi nahi chahiye bas,unclear,The comment does not provide a specific reason for the return.,success,,
RT003727,"fabric achha nahi, fitting bhi tight",quality,The customer identified issues with the fabric and fitting.,success,,
RT003728,pehli dhulai me shrink ho gaya 🙏,quality,"The product shrank after the first wash, indicating a quality issue.",success,,
RT003730,pls mind hcange ho gaya refund chahiye,changed_mind,The customer explicitly states a change of mind and requests a refund.,success,,
RT003731,DUSRI JAGAH SASTA MIL GAYA !!,changed_mind,"The customer found a cheaper option elsewhere, indicating a change of preference.",success,,
RT003732,bhaiya nahi chahiye bas exchange nahi chahiye,unclear,The comment indicates a lack of desire for the item without a specific reason.,success,,
RT003735,mam waist pe nahi aaya very disappointed,too_large,"The item did not fit at the waist, indicating it is too large for the customer.",success,,
RT003740,doosra colour bhej diya 🙏,wrong_item,The customer received the wrong color.,success,,
RT003744,hi pasand nahi aaya 🙏,unclear,The comment indicates dissatisfaction without a specific reason.,success,,
RT003746,mam size bada hai 🙏,too_large,The customer states that the size is too big.,success,,
RT003747,sir fitting bahut tight hai yaar exchange nahi chahiye,too_small,The customer mentions that the fitting is too tight.,success,,
RT003750,SIR DONT NEED IT ANYMORE 🙏,changed_mind,The customer no longer needs the item.,success,,
RT003751,hi ab zarurat naih hai,unclear,The comment indicates a lack of need but does not specify a clear reason.,success,,
RT003755,bhaiya ordere L but feels like S,too_small,The customer ordered a large size but feels it fits like a small.,success,,
RT003757,mam delivery me 12 din lag gaye,delivery_late,The comment states that delivery took 12 days.,success,,
RT003761,bhaiya fabric cheap lag raha hai,quality,The customer mentions that the fabric feels cheap.,success,,
RT003762,hi order bahut der se mila refund chahiye,delivery_late,The customer states that the order arrived very late and is requesting a refund.,success,,
RT003767,"fabric achha nahi, fitting bhi tight",quality,Comment indicates poor fabric quality and tight fitting.,success,,
RT003770,"Size small aaya, mera regular M h",too_small,Customer received a smaller size than their regular M.,success,,
RT003772,"bhaiya stitching kharab hai, dhaage nikal rahe !!",damaged,Comment mentions poor stitching and threads coming out.,success,,
RT003777,ok jaldi pickup karo,unclear,Comment does not provide a specific reason for return.,success,,
RT003780,ek wash me rang chala gaya exchange nahi chahiye,quality,Comment indicates a quality issue with color fading after one wash.,success,,
RT003781,hi कपड़ा बहुत पतला है,quality,The fabric is too thin.,success,,
RT003782,"mam gift tha, unko pasand nahi aya",changed_mind,The gift was not liked by the recipient.,success,,
RT003783,fabric rough hai skin pe chubhta hai !!,quality,The fabric is rough and irritates the skin.,success,,
RT003788,"hello, smaller than usual size",too_small,The item is smaller than the usual size.,success,,
RT003790,same sa before very disappointed,unclear,The comment expresses disappointment without a specific reason.,success,,
RT003791,pls accidentally order ho gaya refund chahiye,changed_mind,Customer accidentally ordered the item and wants a refund.,success,,
RT003792,pink mangaya tha peach aaya !!,colour_mismatch,Customer ordered pink but received peach.,success,,
RT003795,size chota hai aur kapda bhi patla,quality,Customer states the size is small and the fabric is thin.,success,,
RT003796,BHAIYA YE MERA ORDER NAHI HAI,wrong_item,Customer received an item that is not theirs.,success,,
RT003798,function cancel ho gaya refund chahiye,changed_mind,Customer wants a refund due to a canceled function.,success,,
RT003799,pls galat product aaya jaldi pickup karo,wrong_item,The customer received the wrong product.,success,,
RT003800,"bhaiya bahut late aaya, function nikal gaya",delivery_late,"The delivery was late, causing the customer to miss their function.",success,,
RT003802,bhaiya dusri jagah sasta mil gaya very disappointed,changed_mind,The customer found the same item cheaper elsewhere.,success,,
RT003803,bhaiya function cancel ho gaya !!,changed_mind,The customer no longer needs the item due to a canceled function.,success,,
RT003804,sir dusri jagah sasta mil gaya pls return,changed_mind,The customer found the item cheaper elsewhere and wants to return it.,success,,
RT003806,mam mummy ko pasand nahi aaya !!,changed_mind,The item was not liked by the customer's mother.,success,,
RT003808,sir same as before jaldi pickup karo,delivery_late,"The customer is requesting a quick pickup, indicating a delay.",success,,
RT003810,theek nahi hai,unclear,The comment does not specify a clear reason for the return.,success,,
RT003811,pls issueh ai exchange nahi chahiye,unclear,The customer states they do not want the item without a specific reason.,success,,
RT003813,bhaiya samea s before,unclear,The comment does not provide a specific reason for the return.,success,,
RT003814,"pls too big, ekdum dheela !!",too_large,The item is described as too big and loose.,success,,
RT003817,"bahut late aaya, function nnikal gaya",delivery_late,"The delivery was very late, causing the function to be missed.",success,,
RT003820,acha nahi laga,unclear,The comment expresses dissatisfaction without a specific reason.,success,,
RT003821,na,unclear,The comment is too vague to determine a specific issue.,success,,
RT003822,delivery me 12 din lag gaye,delivery_late,"The delivery took 12 days, indicating it was late.",success,,
RT003824,pasand nahi aaya,unclear,The comment indicates dissatisfaction without a specific reason.,success,,
RT003825,bhaiya fabric cheap lag raha hai,quality,"The comment mentions that the fabric feels cheap, indicating a quality issue.",success,,
RT003826,ok !!,unclear,The comment is vague and does not provide a specific reason for the return.,success,,
RT003830,BHAIYA COLOUR MISMATCH PLS RETURN,colour_mismatch,The comment explicitly states a colour mismatch issue.,success,,
RT003833,silai khuli hui thi aate hi,damaged,"The comment indicates that the stitching was open upon arrival, suggesting damage.",success,,
RT003834,return,unclear,The comment does not provide a specific reason for the return.,success,,
RT003835,pls dusri jagah sasta mil gaya 🙏,changed_mind,The customer found a cheaper option elsewhere.,success,,
RT003836,"hello, chhota aa gaya, size chart galat hai pls return",too_small,The customer indicates the item is too small based on the size chart.,success,,
RT003838,pls bahut tight h shoulders pe 🙏,too_small,The customer states the item is too tight in the shoulders.,success,,
RT003840,pls mustard bola ha ye to green yellow hai,colour_mismatch,The customer received a different color than what was ordered.,success,,
RT003841,sir very thin cloth exchange nahi chahiye,quality,"The customer mentions the cloth is very thin, indicating a quality issue.",success,,
RT003846,bhaiya too loose atw aist pls return,too_large,"The customer states the item is too loose, indicating it is larger than expected.",success,,
RT003849,"bhaiya bahut late aaya, function nikal gaya refund chahiye",delivery_late,"The customer mentions the item arrived very late, causing them to miss a function.",success,,
RT003850,colour alag hai aur quality bhi average,colour_mismatch,The customer states the colour is different and also mentions average quality.,success,,
RT003852,sir a bzarurat nahi hai !!,unclear,The comment indicates the customer does not want the item but does not provide a specific reason.,success,,
RT003856,hi ordered L but feels likke S jaldi pickup karo,too_small,Customer feels the size ordered (L) fits like S.,success,,
RT003857,"hello, too big, ekdum dheella refund chahiye",too_large,Customer states the item is too big and loose.,success,,
RT003859,TIGHT HAI,too_small,Customer indicates the item is tight.,success,,
RT003862,size chota hai aur kapda bhi patla,too_small,Customer mentions the size is small and the fabric is thin.,success,,
RT003863,issue hai,unclear,Comment is vague and does not specify the issue.,success,,
RT003866,ORDERED L UBT FEELS LIKE S EXCHANGE NAHI CHAHIYE,changed_mind,Customer decided not to exchange the item.,success,,
RT003868,"pls too small, chest pe fit nahi hua refund chahiye",too_small,Item did not fit properly as it was too small.,success,,
RT003870,"gift tha, unko pasand nahi aaya",changed_mind,The gift was not liked by the recipient.,success,,
RT003872,pls delivery me 12 din lagg aye very disappointed,delivery_late,"Delivery took too long, causing disappointment.",success,,
RT003874,"hello, 😞 🙏",unclear,Comment does not provide a specific reason for return.,success,,
RT003885,na,unclear,Comment does not provide a specific reason for return.,success,,
RT003886,order bahut de se mila 🙏,delivery_late,Comment indicates that the order was received very late.,success,,
RT003897,"hello, mind chnage ho gaya",changed_mind,Comment explicitly states a change of mind.,success,,
RT003903,late aaya aur packet bhi phata hua,damaged,Comment mentions that the package was damaged and arrived late.,success,,
RT003905,packet geela tha kapda kharab refund chahiye,damaged,Comment indicates that the package was wet and the fabric was damaged.,success,,
RT003909,"hello, too loose at waist pls return",too_large,The item is too loose at the waist.,success,,
RT003910,ok very disappointed,unclear,The comment expresses disappointment without a specific reason.,success,,
RT003913,pls M mangaya tha bada aaya pls return,too_large,The customer received a larger size than ordered.,success,,
RT003915,pls accidentally order ho gaya,changed_mind,The customer indicates an accidental order.,success,,
RT003916,packet khula tha aur kapde pe daag hai very disappointed,damaged,The package was open and the clothes had a stain.,success,,
RT003917,sir mummy ko pasand nahi aaya refund chahiye,changed_mind,"Customer's mother did not like the item, requesting a refund.",success,,
RT003921,size chota hai aur kapda bhi patla,too_small,Customer states the size is small and the fabric is thin.,success,,
RT003922,RANG HALKA HAI BAHUT 🙏,colour_mismatch,Customer mentions the color is too light.,success,,
RT003926,phata hua aaya very disappointed,damaged,Customer received a torn item.,success,,
RT003927,pls ye wala shae nahi tha website pe exchange nahi chahiye,wrong_item,Customer received a different item than shown on the website.,success,,
RT003930,"bahut late aaya, function nikal gaya",delivery_late,"The item arrived very late, causing the function to be missed.",success,,
RT003932,mam dusri jagah sasta mil gaya refund chahiye,changed_mind,The customer found the item cheaper elsewhere and wants a refund.,success,,
RT003934,"hello, ab zarurat nahi hai exchange nahi chahiye",unclear,The comment indicates no need for the item but does not specify a reason.,success,,
RT003939,MUMMY KO PASAND NAHI AAYA JALDI PICKUP KARO,changed_mind,"The item was not liked by the customer's mother, prompting a return.",success,,
RT003941,"hello, pasand nahi aaya",unclear,The customer simply states they did not like the item without further details.,success,,
RT003942,oversiized lag raha hai jabki regular fit likha tha pls return,too_large,The customer feels the item is oversized despite it being labeled as regular fit.,success,,
RT003947,"fabric achha nahi, fitting bhi tight",quality,The customer mentions poor fabric quality and tight fitting.,success,,
RT003950,mam ok !!,unclear,The comment does not provide a specific reason for the return.,success,,
RT003952,M mangaya tha bada aaya very disappointed,too_large,The customer ordered a size M but received a larger size.,success,,
RT003954,hi colouralag hai photo se,colour_mismatch,The customer indicates that the color is different from the photo.,success,,
RT003958,mind change ho gaya very disappointed,changed_mind,Customer indicates a change in preference.,success,,
RT003960,"MAM WRONG SIZE BHEJA, M ORDER KIYA THA XL AAYA EXCHANGE NAHI CHAHIYE",too_large,"Customer received the wrong size, which is larger than ordered.",success,,
RT003963,bhaiya stain mila delivery pe jaldi pickup karo,damaged,Customer found a stain on the product upon delivery.,success,,
RT003965,damaged piec ereceived !!,damaged,Customer received a damaged piece.,success,,
RT003966,"fabric achha nahi, fitting bhi tight",quality,Customer complains about poor fabric quality and tight fitting.,success,,
RT003971,bhaiya dusri jagah sastta mil gaya !!,changed_mind,Customer found a cheaper option elsewhere.,success,,
RT003973,sir dusri jagah sasta mil gaya exchange nahi chahiye,changed_mind,Customer found a cheaper option and does not want an exchange.,success,,
RT003975,colour alag hai aur quality bhi average,colour_mismatch,Customer mentions the color is different and quality is average.,success,,
RT003980,colour alag hai aur quality bhi average,colour_mismatch,Customer mentions the color is different and quality is average.,success,,
RT003982,"hello, pasand nahi aaya !!",unclear,Customer simply states they did not like the item without specific reasons.,success,,
RT003984,"stitching kharab hai, dhaage nikal rahe exchange nahi chahiye",quality,The comment indicates poor stitching and thread issues.,success,,
RT003986,sir dont need it anymore 🙏,changed_mind,The customer states they don't need the item anymore.,success,,
RT003990,hi pink mangaya tha peach aaya !!,colour_mismatch,The customer received a peach item instead of the ordered pink.,success,,
RT003991,hi accha nahi laga,unclear,The comment expresses dissatisfaction without a specific reason.,success,,
RT003992,"HELLO, FUNCTION CACEL HO GAYA",changed_mind,"The customer indicates a cancellation of a function, implying a change in need.",success,,
RT003993,pls delivery me 12 din lag gaye very disappointed,delivery_late,Customer is disappointed due to late delivery.,success,,
RT003995,MAM FUNCTION CANCEL HO GAYA,changed_mind,"The function was cancelled, leading to a change in preference.",success,,
RT003996,"HI STITCHING KHARAB HAI, DHAAGE NIKAL RAHE",quality,Customer reports poor stitching with threads coming out.,success,,
RT003998,issue hai 🙏,unclear,Comment is vague and does not specify a clear reason.,success,,
RT003999,"fabric achha nahi, fitting bhi tight",quality,Customer is dissatisfied with the fabric quality and fit.,success,,
RT004001,delivery me 12 din lag gaye 🙏,delivery_late,The comment states that delivery took 12 days.,success,,
RT004004,.,unclear,The comment is not specific and only contains a period.,success,,
RT004005,pls ye mera order nahi hai,wrong_item,The comment indicates that the order received is not the correct one.,success,,
RT004009,"sir bahut late aaya, funtion nikal gaya very disappointed",delivery_late,The comment mentions that the item arrived very late and the function was missed.,success,,
RT004010,TIME PE NAHI AAYA TO AB KYA KARU,delivery_late,The comment expresses frustration about the item not arriving on time.,success,,
RT004012,sir size chart se bada nikla pls return,too_large,The size is larger than indicated by the size chart.,success,,
RT004013,pls bahut tight h shoulders pe very disappointed,too_small,The item is too tight in the shoulders.,success,,
RT004014,sir theek nahi hai,unclear,The comment does not specify a clear reason for the return.,success,,
RT004016,sir order bahut der se mila very disappointed,delivery_late,The order was received very late.,success,,
RT004018,.,unclear,The comment is not informative and does not provide a specific reason.,success,,
RT004020,"bhaiya material not as described, ye cotto nnahi lagta exchange nahi chahiye",quality,"The material is not as described, indicating a quality issue.",success,,
RT004021,not good very disappointed,unclear,The comment expresses disappointment without specifying a reason.,success,,
RT004029,sir accidentally order ho gaya exchange nahi chahiye,changed_mind,The customer indicates that the order was made accidentally and does not want an exchange.,success,,
RT004030,mam mind change ho gaya 🙏,changed_mind,The customer states that their mind has changed regarding the purchase.,success,,
RT004033,"bhaiya Size small aaya, mera reguar M h",too_small,The customer received a size small instead of their regular medium size.,success,,
RT004036,sir nahi chahiye bas,unclear,The comment does not provide a specific reason for the return.,success,,
RT004037,dusri jagah sast amil gaya jaldi pickup karo,delivery_late,"The customer mentions they found it cheaper elsewhere and requests a quick pickup, indicating dissatisfaction with delivery timing.",success,,
RT004038,ek was me rang chala gaya 🙏,damaged,"The comment indicates that the color faded after one wash, suggesting a quality issue.",success,,
RT004039,"HELLO, 😞 🙏",unclear,The comment does not provide a specific reason for the return.,success,,
RT004040,sir ek wash me rang chala gaya,damaged,"The comment indicates that the color faded after one wash, suggesting a quality issue.",success,,
RT004041,bhaiya size chart se bada nikla pls return,too_large,The size is larger than expected based on the size chart.,success,,
RT004042,size chota hai,too_small,The size is smaller than expected.,success,,
RT004043,SIZE CHART PE 38 LIKHA THA BUT 36 JAISA HAI PLS RETURN,too_small,The item is smaller than the size indicated on the size chart.,success,,
RT004045,SILAI KHULI HUI THI AATE HI,damaged,The stitching is damaged as it was open upon arrival.,success,,
RT004046,WAIST PE NAHI AAYA,too_large,The waist size does not fit as expected.,success,,
RT004051,MAM THEEK NAHI HAI VERY DISAPPOINTED,unclear,Comment does not specify a clear reason for the return.,success,,
RT004052,hi XL bhi tight hai kya size h ye,too_small,Customer indicates that the XL size is tight.,success,,
RT004053,ACHA NAHI LAGA !!,unclear,Comment does not specify a clear reason for the return.,success,,
RT004054,"loose fitting, mere size ka nahi lagta jaldi pickup karo",too_large,Customer mentions loose fitting and that it does not fit their size.,success,,
RT004058,bhaiya image me bright tha real me dull hai very disappointed,colour_mismatch,Customer states the product color is dull compared to the image.,success,,
RT004059,wrong item received 🙏,wrong_item,The customer received the wrong item.,success,,
RT004061,sir accidentally order ho gaya 🙏,changed_mind,The customer indicates an accidental order.,success,,
RT004062,"MAM SIZE M BAHUT TIGHT HA, L LENA PADEGA PLS RETURN",too_small,The customer finds the size M too tight and needs a larger size.,success,,
RT004063,hi image me bright tha real me dull hai,colour_mismatch,The customer notes a difference in brightness between the image and the actual product.,success,,
RT004064,pls time pe nahi aaya to ab kya karu exchange nahi chahiye,delivery_late,The customer mentions the item did not arrive on time and does not want an exchange.,success,,
RT004066,bhaiya function cancel ho gaya very disappointed,changed_mind,"The function was cancelled, leading to disappointment.",success,,
RT004068,"hello, chhota aa gaya, size chart galat hai jaldi pickup karo",too_small,The item is too small as per the incorrect size chart.,success,,
RT004070,theek nahi hai refund chahiye,unclear,The comment indicates dissatisfaction but does not specify a reason.,success,,
RT004071,अच्छा नहीं लगा,unclear,The comment expresses dislike without a specific reason.,success,,
RT004073,pls nahi chahiye bas jaldi pickup karo,unclear,The comment states 'not needed' without further explanation.,success,,
RT004075,late aaya aur packet bhi phata hua,damaged,The package was damaged upon arrival.,success,,
RT004076,colour alag hai aur quality bhi average,colour_mismatch,The color received is different and the quality is average.,success,,
RT004079,"sir chhota aa gaya, size chart galat hai",too_small,The item is smaller than expected based on the size chart.,success,,
RT004085,SIZE CHART SE BADA NIKLA JALDI PICKUP KARO,too_large,The item is larger than expected based on the size chart.,success,,
RT004087,"hello, ... pls return",unclear,The comment does not specify a clear reason for the return.,success,,
RT004088,pls length bhi kam hai aur tight bhi,too_small,The comment indicates the item is tight and shorter than expected.,success,,
RT004090,"hi too big, edkum dheela 🙏",too_large,The comment states the item is too big and loose.,success,,
RT004092,"HELLO, DOOSRA COLOUR BHEJ DIYA !!",wrong_item,The comment indicates that the wrong color was sent.,success,,
RT004093,mam return very disappointed,unclear,The comment expresses disappointment without specifying a reason.,success,,
RT004094,quality bilkul bekar 🙏,quality,The comment explicitly states that the quality is very poor.,success,,
RT004098,PLS IMAGE ME BRIGHT THA REEAL ME DULL HAI 🙏,colour_mismatch,The item received is dull compared to the bright image.,success,,
RT004100,mam beti ke liye liya tha chhota pad gaya 🙏,too_small,The item is too small for the customer's daughter.,success,,
RT004101,dusri jagah sasta mil gya exchange nahi chahiye,changed_mind,The customer found a cheaper option elsewhere and does not want an exchange.,success,,
RT004105,"hello, accidentally order ho gaya exchange nahi chahiye",changed_mind,The customer accidentally ordered the item and does not want an exchange.,success,,
RT004106,hi order bahut dre se mila very disappointed,delivery_late,The customer is disappointed due to the late delivery of the order.,success,,
RT004109,ye mera ordre nahi hai very disappointed,wrong_item,The customer states that the order received is not theirs.,success,,
RT004112,"hello, dont ned it anymore",changed_mind,The customer indicates they no longer need the item.,success,,
RT004114,bhaiya bacche ke liye bahut bada hai 🙏,too_large,The item is too large for the customer's child.,success,,
RT004118,hi bekar !!,unclear,The comment expresses dissatisfaction without a specific reason.,success,,
RT004120,"HELLO, ACCIDENTALLY ORDER HO GAYA",changed_mind,The customer mentions that the order was placed accidentally.,success,,
RT004126,hi mummy ko pasand nahi aaya pls return,changed_mind,Customer's mother did not like the item.,success,,
RT004129,mam fabric rough hai skin pe chubhta hai !!,quality,The fabric is rough and irritates the skin.,success,,
RT004132,size chota hai aur kapda bhi patla,too_small,The size is small and the fabric is thin.,success,,
RT004134,बहुत टाइट है,too_large,The item is very tight.,success,,
RT004135,साइज़ छोटा है,too_small,The size is small.,success,,
RT004138,size chota hai aur kapda bhi patla,too_small,The size is too small.,success,,
RT004139,see through hai kapda very disappointed,quality,"The fabric is see-through, indicating a quality issue.",success,,
RT004141,hi size bada hai !!,too_large,The size is too large.,success,,
RT004142,"HI BAHUT LATE AAYA, FUNCTION NIKAL GAYA",delivery_late,"The item arrived very late, causing the function to be missed.",success,,
RT004143,bhaiya functon cancel ho gaya,changed_mind,"The function was canceled, leading to a change of mind.",success,,
RT004146,bhaiya mind change ho gaya refund chahiye,changed_mind,Customer indicates a change in preference and requests a refund.,success,,
RT004149,mam बहुत टाइट है very disappointed,too_small,Customer states the item is too tight.,success,,
RT004156,bada hai and colour bhi photo jaisa nahi,too_large,Customer mentions the item is large and the color does not match the photo.,success,,
RT004157,bhaiya cloor is different from image pls return,colour_mismatch,Customer states the color is different from the image.,success,,
RT004159,size chota hai aur kapda bhi patla,too_small,Customer mentions the size is small and the fabric is thin.,success,,
RT004160,sir order bahut der se mila exchange nahi chahiye,delivery_late,The order was received very late and the customer does not want an exchange.,success,,
RT004161,late aaya aur packet bhi phata hua,damaged,The package was received damaged along with the late delivery.,success,,
RT004162,bhaiya image me bright tha real me dull hia 🙏,colour_mismatch,The product received is dull compared to the bright image shown.,success,,
RT004164,"bhaiya size M bahut tight hai, L lena padega !!",too_small,"The size M is too tight, and the customer needs a larger size.",success,,
RT004165,beti ke liye liya tha chhota pad gaya exchange nahi chahiye,too_small,"The item is too small for the customer’s daughter, and they do not want an exchange.",success,,
RT004166,size chota hai aur kapda bhi patla,too_small,The size is too small.,success,,
RT004169,"sir wrong size bheja, M order kiya tha XL aaya exchange nahi chahiye",wrong_item,The wrong size was sent (XL instead of M).,success,,
RT004170,mam issue hi 🙏,unclear,The comment does not specify a clear reason for the return.,success,,
RT004171,hi quality achhi nahi hai !!,quality,The quality of the product is not good.,success,,
RT004172,pls order bahut der se mila pls return,delivery_late,The order was received very late.,success,,
RT004173,hi quality achhi nahi hai 🙏,quality,The comment indicates a problem with the quality of the product.,success,,
RT004175,bhaiya kapda bahut patla hai jaldi pickup karo,quality,"The comment mentions that the fabric is very thin, indicating a quality issue.",success,,
RT004177,issue hai exchange nahi chahiye,unclear,The comment states 'issue hai exchange nahi chahiye' without specifying the issue.,success,,
RT004180,sir mummy ko pasand nahi aaya exchange nahi chahiye,changed_mind,"The comment indicates that the customer's mother did not like the item, leading to a change of mind.",success,,
RT004182,pls dusri jagah sasta mil gaya !!,changed_mind,"The comment suggests the customer found a cheaper option elsewhere, indicating a change of mind.",success,,
RT004184,mam fitting bahut tight hai yaar !!,too_small,The fitting is too tight.,success,,
RT004185,na,unclear,The comment does not provide a specific reason.,success,,
RT004188,bhaiya ... very disappointed,unclear,The comment expresses disappointment without a specific reason.,success,,
RT004192,"material not as described, ye cotton nahi lagta",quality,The material does not match the description.,success,,
RT004196,mam function cancel ho gaya pls return,changed_mind,"The function was canceled, leading to a return.",success,,
RT004197,mam ab zarurat nahi hai very disappointed,changed_mind,Customer no longer needs the item.,success,,
RT004200,... jaldi pickup karo,unclear,Comment does not specify a clear reason for return.,success,,
RT004207,quality achhi nahi hai jaldi pickup karo,quality,Customer indicates the quality is not good.,success,,
RT004209,"hello, quality bilkul bekar exchange nahi chahiye",quality,Customer states the quality is very poor.,success,,
RT004210,"hello, order bahut der se mila pls return",delivery_late,Customer mentions the order was received very late.,success,,
RT004212,bhaiya ... pls return,unclear,The comment does not specify a reason for the return.,success,,
RT004213,functio cancel ho gaya,changed_mind,"The comment indicates that the function was canceled, suggesting a change in circumstances.",success,,
RT004216,bada hai and colour bhi photo jaisa nahi,colour_mismatch,The comment mentions that the color is not as shown in the photo and that the item is too large.,success,,
RT004218,"hello, oversized lag raha hai jabki regular fit likha tha refund chahiye",too_large,The comment states that the item is oversized despite being labeled as regular fit.,success,,
RT004219,bada hai and colour bhi photo jaisa nahi,colour_mismatch,The comment indicates that the color does not match the photo and that the item is too large.,success,,
RT004220,"hello, xl bhi tight hai kya size h ye",too_small,The customer indicates that the XL size is tight.,success,,
RT004226,"SIR GIFT THA, UNKO PASAND NAHI AAYA JALDI PICKUP KARO",changed_mind,The gift was not liked by the recipient.,success,,
RT004227,smaller than usual size pls return,too_small,The customer states the item is smaller than usual.,success,,
RT004230,mam size bada hai jaldi pickup karo,too_large,The customer mentions the size is too big.,success,,
RT004231,delivry me 12 din lag gaye,delivery_late,The customer reports a delay in delivery of 12 days.,success,,
RT004233,size chota hai aur kapda bhi patla,too_small,The size is too small and the fabric is thin.,success,,
RT004236,"mam late deliery, mehndi ke baad aaya pls return",delivery_late,The item was delivered late.,success,,
RT004237,late aaya aur packet bhi phata hua,damaged,The package was damaged upon arrival.,success,,
RT004239,late aaya aur packet bhi phata hua,damaged,The package was damaged upon arrival.,success,,
RT004242,"fabric achha nahi, fitting bhi tight",quality,The fabric quality is poor and the fitting is tight.,success,,
RT004244,return pls return,unclear,The comment does not specify a reason for the return.,success,,
RT004245,"gift tha, unko pasand nahi aaya",changed_mind,The item was a gift and the recipient did not like it.,success,,
RT004246,"sir photo me maroon dikha, aaya brown refund chahiye",colour_mismatch,The customer received a brown item instead of the maroon one shown in the photo.,success,,
RT004248,"hello, thek nahi hai pls return",unclear,The comment does not provide a specific reason for the return.,success,,
RT004249,pls pls reurn !!,unclear,The comment does not specify a reason for the return.,success,,
RT004250,.,unclear,Comment does not provide a specific reason.,success,,
RT004252,pls mind change ho gaya very disappointed,changed_mind,Customer indicates a change of mind and disappointment.,success,,
RT004256,hi mind change ho gaya,changed_mind,Customer states a change of mind.,success,,
RT004257,hi time pe nahi aaya to ab kya karu pls return,delivery_late,Customer mentions the item did not arrive on time.,success,,
RT004258,mam dusri jagah sasta mil gaya 🙏,changed_mind,Customer found a cheaper option elsewhere.,success,,
RT004259,na,unclear,Comment does not provide a specific reason.,success,,
RT004260,.,unclear,Comment does not provide a specific reason.,success,,
RT004267,bhaiya delivery me 12 din lag gaye 🙏,delivery_late,Comment states that delivery took 12 days.,success,,
RT004270,time pe nahi aya to ab kya karu,delivery_late,Comment indicates the item did not arrive on time.,success,,
RT004271,"mam gift tha, unko pasand nahi aya exchange nahi chahiye",changed_mind,Comment indicates the recipient did not like the gift and no exchange is desired.,success,,
RT004274,sir ab zarurat nahi hai,changed_mind,Customer no longer needs the item.,success,,
RT004275,pls ab zaruratn ahi hai jaldi pickup karo,changed_mind,Customer no longer needs the item and requests pickup.,success,,
RT004276,"hello, bahut late aaya, function nikal gaya !!",delivery_late,Delivery was late and the function has already passed.,success,,
RT004279,"hello, accidentall order ho gaya very disappointed",changed_mind,Customer accidentally ordered the item and is disappointed.,success,,
RT004280,HI साइज़छ ोटा है REFUND CHAHIYE,too_small,The item is too small for the customer.,success,,
RT004281,size chart pe 38 likha tha but 36 jaisa hai exchange nahi chahiye,too_small,The size received is smaller than expected.,success,,
RT004282,HI FUNCTION CANCEL HO GAYA,changed_mind,The event has been cancelled.,success,,
RT004284,"bhaiya gift tha, unko pasand nahi aaya jaldi pickup karo",changed_mind,The gift was not liked by the recipient.,success,,
RT004285,sir oversized lag raha hai jabki regular fit likha tha jaldi pickup karo,too_large,The item is oversized compared to the expected fit.,success,,
RT004286,mam colour fade sa hai photo jaisa nahi !!,colour_mismatch,The color of the product does not match the photo.,success,,
RT004289,bhaiya packet khula tha aur kapde pe daag hai pls return,damaged,The package was open and the clothes had a stain.,success,,
RT004290,bhaiya print utar  raha hai,quality,The print is coming off.,success,,
RT004291,"hello, too small, chest p fit nahi hua 🙏",too_small,The item is too small and does not fit the chest.,success,,
RT004293,bhaiya bekar refund chahiye,unclear,The comment indicates dissatisfaction without a specific reason.,success,,
RT004294,rang bilkul alag hai,colour_mismatch,The color is completely different from what was expected.,success,,
RT004296,mam see through hai kapda exchange nahi chahiye,quality,"The fabric is see-through, indicating a quality issue.",success,,
RT004298,ordered L but feels like S exchange nahi chahiye,too_small,"The ordered size L feels like S, indicating it is too small.",success,,
RT004304,size chota hai aur kapda bhi patla,too_small,The size is small and the fabric is thin.,success,,
RT004305,late aaya aur packet bhi phata hua,damaged,The package arrived late and was damaged.,success,,
RT004306,pls image me bright tha real me dull hai !!,colour_mismatch,The item is dull in reality compared to the bright image.,success,,
RT004307,"HELLO, NAHI CHAHIYE BAS PLS RETURN",unclear,The comment does not provide a specific reason for the return.,success,,
RT004313,TIGHT AHI,too_small,The comment indicates that the item is tight.,success,,
RT004316,late aaya aur packet bhi phata hua,damaged,The comment mentions that the package is damaged.,success,,
RT004320,color is different from image pls return,colour_mismatch,The comment states that the color is different from the image.,success,,
RT004321,"hi late delivery, mehndi ke baad aaya",delivery_late,The comment indicates that the delivery was late.,success,,
RT004324,colour alag hai aur quality bhi average,colour_mismatch,The comment indicates a mismatch in color and mentions average quality.,success,,
RT004325,mam issue hai !!,unclear,The comment does not specify a clear reason for the return.,success,,
RT004328,"hello, teek nahi hai",unclear,The comment expresses dissatisfaction without a specific reason.,success,,
RT004333,late aaya aur packet bhi phata hua,damaged,The comment mentions that the package was damaged upon arrival.,success,,
RT004334,issue haai 🙏,unclear,The comment does not provide a specific reason for the return.,success,,
RT004335,sir order bahut der se mila !!,delivery_late,The comment states that the order was received very late.,success,,
RT004336,colour alag hai aur quality bhi average,colour_mismatch,The comment mentions a mismatch in color and average quality.,success,,
RT004337,"sir bahut late aaya, function nikal gaya",delivery_late,"The comment indicates late delivery, causing the function to be missed.",success,,
RT004340,"hello, अच्छा नहीं लगा jaldi pickup karo",unclear,The comment expresses dissatisfaction without a specific reason.,success,,
RT004342,"late delivery, mehndi k baad aaya very disappointed",delivery_late,"The comment states that the delivery was late, leading to disappointment.",success,,
RT004344,size chota hai aur kapda bhi patla,too_small,The size is too small.,success,,
RT004347,bhaiya size bada hai,too_large,The size is too large.,success,,
RT004349,"hi gift tha, unko pasand nahi aaya",changed_mind,The gift was not liked by the recipient.,success,,
RT004351,"photo me maroon dikha, aaya brown very disappointed",colour_mismatch,The item received is a different color than shown in the photo.,success,,
RT004352,"hello, pasand nahi aaya pls return",unclear,The comment indicates dissatisfaction without a specific reason.,success,,
RT004353,sir theek nahi hai refund chahiye,unclear,The comment does not specify a clear reason for the return.,success,,
RT004355,"gift tha, unko pasand nahi aaya",changed_mind,The item was a gift and the recipient did not like it.,success,,
RT004357,BHAIYA DUSRI JAGAH SASTA MIL GAYA REFUND CHAHIYE,changed_mind,The customer found a cheaper option elsewhere.,success,,
RT004361,hi different design aaya,wrong_item,The customer received a different design than expected.,success,,
RT004362,pls acha nahi laga,unclear,The comment does not provide a specific reason for dissatisfaction.,success,,
RT004363,-,unclear,Comment does not provide a specific reason.,success,,
RT004364,colour alag hai aur quality bhi average,colour_mismatch,Comment indicates a mismatch in color and mentions average quality.,success,,
RT004372,mam color is different  from image jaldi pickup karo,colour_mismatch,Comment states that the color is different from the image.,success,,
RT004374,"hello, bahut late aaya, funtion nikal gaya exchange nahi chahiye",delivery_late,Comment mentions late delivery and that the exchange is not needed.,success,,
RT004376,hi colour alag hai photo se 🙏,colour_mismatch,Comment indicates a color mismatch with the photo.,success,,
RT004377,bada hai and colour bhi photo jaisa nahi,too_large,The item is too large and the color does not match the photo.,success,,
RT004379,not good refund chahiye,unclear,The comment indicates dissatisfaction but does not specify a clear reason.,success,,
RT004381,"hello, time pe nahi aaya to ab kya karu !!",delivery_late,The item did not arrive on time.,success,,
RT004387,bada hai and colour bhi photo jaisa nahi,too_large,The item is too large and the color does not match the photo.,success,,
RT004388,"HELLO, BEKAR PLS RETURN",unclear,The comment expresses dissatisfaction but does not provide a specific reason.,success,,
RT004390,beti ke liye liya th achhota pad gaya 🙏,too_small,The item is too small for the customer's daughter.,success,,
RT004392,bhaiya size chota hai !!,too_small,The size is too small.,success,,
RT004393,"hello, accidentally order ho agya exchange nahi chahiye",changed_mind,The customer no longer wants the item due to an accidental order.,success,,
RT004395,bhaiya order bahut der se mila,delivery_late,The order was received very late.,success,,
RT004396,pls quality bilkul ekar !!,quality,The quality of the product is poor.,success,,
RT004397,ok,unclear,The comment does not provide a specific reason for the return.,success,,
RT004399,bhaiya function cancel ho gaya,changed_mind,The function being canceled indicates a change in circumstances.,success,,
RT004403,bada hai and colour bhi photo jaisa nahi,colour_mismatch,The comment mentions the size being too large and the color not matching the photo.,success,,
RT004409,"sir gift tha, unko pasand nahi aaya !!",changed_mind,"The recipient did not like the gift, indicating a personal preference reason.",success,,
RT004410,bhaiya dusri jagah sasta mil gaya jaldi pickup karo,changed_mind,"The customer found a cheaper option elsewhere, indicating a change in preference.",success,,
RT004412,mam bacche ke liye bahut bada hai exchange nahi chahiye,too_large,The item is too big for the child.,success,,
RT004413,sir XL bhi tight hai kya size h ye !!,too_small,The XL size is still tight.,success,,
RT004415,pls dusri jagah sasat mil gaya pls return,changed_mind,The customer found the item elsewhere.,success,,
RT004419,bhaiya accidentally order ho gaya,changed_mind,The order was placed accidentally.,success,,
RT004420,bhaiya acha nahi laga,unclear,The customer did not like the item but did not specify why.,success,,
RT004421,"hello, fabric cheap lag raha hai very disappointed",quality,Customer is disappointed with the cheap fabric quality.,success,,
RT004424,bhaiya 😞,unclear,Comment does not provide a specific reason for the return.,success,,
RT004428,MAM DAMAGED PIECE RECEIVED !!,damaged,Customer received a damaged piece.,success,,
RT004429,sir fitting bahut tight hai yaar 🙏,too_small,Customer finds the fitting too tight.,success,,
RT004430,"sir Size small aaya, mera regular M h pls return",too_small,Customer received a size small instead of regular M.,success,,
RT004431,sleeves tight hai arms me,too_small,The sleeves are tight on the arms.,success,,
RT004435,pls colour fade sa hai photo jaisan ahi,colour_mismatch,The colour has faded and does not match the photo.,success,,
RT004438,"pls photo me maroon dikha,a aya brown jaldi pickup karo",colour_mismatch,The item received is brown instead of maroon as shown in the photo.,success,,
RT004439,sir image me bright tha real me dull hai,colour_mismatch,The item is dull in reality compared to the bright image.,success,,
RT004442,size chart pe 38 likha tha but 36 jaisa hai refund chahiye,too_small,The size received is smaller than what was indicated on the size chart.,success,,
RT004444,"stitching kharab hai, dhaage nikal rahe pls return",quality,Customer reported poor stitching and loose threads.,success,,
RT004446,bhaiya not good,unclear,Comment is vague and does not specify a clear reason.,success,,
RT004449,hi stain mila deliveyr pe 🙏,damaged,Customer found a stain on the item upon delivery.,success,,
RT004450,"mam material not as described, ye cotton nahi lagta jaldi pickup karo",quality,Customer stated the material is not as described and does not appear to be cotton.,success,,
RT004452,"fabric achha nahi, fitting bhi tight",quality,Customer mentioned poor fabric quality and tight fitting.,success,,
RT004455,"hello, accidentally order ho gaya jaldi pickup karo",changed_mind,The customer indicates an accidental order.,success,,
RT004459,MUMMY KO PASAND NAHI AYAA,changed_mind,The item was not liked by the customer's mother.,success,,
RT004460,SIR FABRIC ROUGH HAI SKIN PE CHUBHTA HAI EXCHANGE NAHI CHAHIYE,quality,The fabric is described as rough and irritating to the skin.,success,,
RT004461,dont need it anymore pls return,changed_mind,The customer no longer needs the item.,success,,
RT004462,hi nahi chahiye bas pls return,unclear,The comment does not provide a specific reason for the return.,success,,
RT004463,return pls return,unclear,The comment does not provide a specific reason for the return.,success,,
RT004465,"mam size M bahut tight hai, L lena padega pls return",too_small,The customer states that size M is too tight and needs to return for size L.,success,,
RT004466,hi beti ke liye liya tha chhota pad gaya very disappointed,too_small,The item is too small for the customer's daughter.,success,,
RT004467,mam order bahut der se mila very disappointed,delivery_late,The customer is disappointed due to late delivery of the order.,success,,
RT004474,mam issue hai 🙏,unclear,The comment does not specify the issue clearly.,success,,
RT004475,BEKAR 🙏,unclear,Comment does not specify a clear reason for return.,success,,
RT004479,sir see through hai kapda very disappointed,quality,Customer is disappointed with the see-through fabric quality.,success,,
RT004480,"fabric achha nahi, fitting bhi tight",quality,Customer mentions poor fabric quality and tight fitting.,success,,
RT004481,"HI BAHUT LATE AAYA, FUNCTION NIKAL GAYA VERY DISAPPOINTED",delivery_late,Customer states the item arrived late and missed a function.,success,,
RT004482,bhaiya ab zarurat nahi hai refund chahiye,changed_mind,Customer indicates they no longer need the item.,success,,
RT004484,"SIZE SMALL AAYA, MERA REGULAR M H VERY DISAPPOINTED",too_small,Customer received a smaller size than expected.,success,,
RT004485,size chart pe 38 likha tha but 36 jaisa hai !!,too_small,Size received is smaller than what was indicated on the size chart.,success,,
RT004492,"late delivery, mehndi ke baad aaya refund chahiye",delivery_late,Customer mentions late delivery and requests a refund.,success,,
RT004495,"hi bahut late aaya, function nikal gaya",delivery_late,Customer states the item arrived late and missed the function.,success,,
RT004496,"HELLO, FUNCTION CANCEL HO GAYYA 🙏",changed_mind,Customer indicates a change in circumstances due to the cancellation of the function.,success,,
RT004497,dont need it anymore refund chahiye,changed_mind,Customer no longer needs the item and requests a refund.,success,,
RT004502,DIFFERENT DESIGN AAYA 🙏,wrong_item,Customer received a different design than expected.,success,,
RT004506,ZIP KAAM NAHI KAR RAHI PLS RETURN,damaged,"The zipper is not functioning properly, indicating a product issue.",success,,
RT004507,kapda bahut patla hai jaldi pickup karo,quality,"The fabric is too thin, indicating a quality problem.",success,,
RT004509,hi not as expected 🙏,unclear,Customer expresses dissatisfaction without a specific reason.,success,,
RT004515,time pe naih aaya to ab kya karu pls return,delivery_late,The comment states that the item did not arrive on time.,success,,
RT004517,FUNCTION CANCEL HO GAYA,changed_mind,The comment indicates that an event was cancelled.,success,,
RT004518,"hello, size chart se bada nikla",too_large,The comment mentions that the item is larger than the size chart indicates.,success,,
RT004520,bhaiya fabric rough hai skin pe chubhta hai very disappointed,quality,The comment identifies a problem with the fabric being rough and uncomfortable.,success,,
RT004526,bhaiya dont need it anymore,changed_mind,The comment indicates that the customer no longer needs the item.,success,,
RT004527,SIR IMAGE ME BRIGTH THA REAL ME DULL HAI 🙏,colour_mismatch,The product color is dull compared to the image.,success,,
RT004528,bada hai and colour bhi photo jaisa nahi,colour_mismatch,The color is not as shown in the photo.,success,,
RT004529,bahut tight h shoulders pe 🙏,too_small,The item is too tight in the shoulders.,success,,
RT004535,"fabric achha nahi, fitting bhi tight",quality,The fabric quality is poor and the fitting is tight.,success,,
RT004538,bhaiya pls reutrn very disappointed,unclear,The comment expresses disappointment without a specific reason.,success,,
RT004539,mind change ho gaya,changed_mind,The customer indicates a change of mind.,success,,
RT004540,function cancel ho gaya exchange nahi chahiye,changed_mind,The customer no longer wants the item due to a canceled function.,success,,
RT004541,"fabric achha nahi, fitting bhi tight",quality,The customer mentions poor fabric quality and tight fitting.,success,,
RT004544,"hello, colour fade sa hai photo jaisa nahi very disappointed",colour_mismatch,The customer states the color is faded and not as shown in the photo.,success,,
RT004548,"hello, very thin cloth refund chahiye",quality,"The customer describes the cloth as very thin, indicating a quality issue.",success,,
RT004549,delivery me 12 din lag gaye !!,delivery_late,The comment states that delivery took 12 days.,success,,
RT004551,"sir size M bahut tight hai, L lena padega",too_small,The customer mentions that size M is too tight and needs to get size L.,success,,
RT004552,hi pasand nahi aaya,unclear,The comment simply states that the customer did not like the item without specific reasons.,success,,
RT004555,size bada hai pls return,too_large,The customer indicates that the size is too big and requests a return.,success,,
RT004557,bhaiya colour alag hai photo se pls return,colour_mismatch,The customer states that the color is different from the photo.,success,,
RT004565,zip kaam nahi kar rai,quality,"The zip is not functioning properly, indicating a quality issue.",success,,
RT004567,mam function canel ho gaya !!,changed_mind,"The function was canceled, leading to a change in preference.",success,,
RT004568,size chota hai aur kapda bhi patla,too_small,"The size is too small and the fabric is thin, indicating fit issues.",success,,
RT004569,ok 🙏,unclear,The comment is vague and does not specify a reason for return.,success,,
RT004570,hi mind changeh o gaya,changed_mind,The customer indicates a change of mind.,success,,
RT004571,bhaiya acha nah ilaga very disappointed,unclear,The comment expresses disappointment without a specific reason.,success,,
RT004572,late aaya aur packet bhi phata hua,damaged,The comment mentions that the package was damaged.,success,,
RT004574,size chota hai aur kapda bhi patla,quality,The comment indicates a problem with the size and fabric quality.,success,,
RT004575,अच्छा नहीं लगा refund chahiye,unclear,The comment states dissatisfaction but does not specify a reason.,success,,
RT004577,hi dont need it anymore pls return,changed_mind,The comment indicates that the customer no longer needs the item.,success,,
RT004578,sir length bahut zyada hai,too_large,The length of the item is too much.,success,,
RT004579,bhaiya fitting bahut tight hai yaar,too_small,The fitting is too tight.,success,,
RT004580,mam packet geela tha kapda kharab very disappointed,damaged,The package was wet and the fabric is damaged.,success,,
RT004581,late aaya aur packet bhi phata hua,damaged,The item arrived late and the package was torn.,success,,
RT004588,"MAM LOOSE FITTING, MERE SIZE KA NAHI LAGTA",too_large,The fitting is loose and does not match the size.,success,,
RT004589,size chota hai aur kapda bhi patla,too_small,The size is too small.,success,,
RT004593,sir colour alag hia photo se,colour_mismatch,The color is different from the photo.,success,,
RT004594,ab zarurat nahi hai exchange nahi chahiye,changed_mind,The customer no longer needs the item.,success,,
RT004595,mam ab arurat nahi hai jaldi pickup karo,changed_mind,The customer no longer needs the item and requests a quick pickup.,success,,
RT004596,"fabric achha nahi, fitting bhi tight",quality,The fabric is not good and the fitting is tight.,success,,
RT004599,ab zarurat nahi hai exchange nahi chahiye,changed_mind,Customer no longer needs the item and does not want to exchange.,success,,
RT004600,sir stain mila delivery pe pls return,damaged,Customer received the item with a stain.,success,,
RT004604,"hello, bahut late aaya, function nikal gaya",delivery_late,"Delivery was very late, and the function has already passed.",success,,
RT004605,dusri jagah  sasta mil gaya jaldi pickup karo,changed_mind,Customer found a cheaper option elsewhere and wants a pickup.,success,,
RT004608,bhaiya bacche ke liye bahut bada hai !!,too_large,The item is too large for the customer’s child.,success,,
RT004609,pls length bhi kam hai aur tight bhi 🙏,too_small,The comment indicates that the length is short and the fit is tight.,success,,
RT004610,mam mind change ho gaya very disappointed,changed_mind,The customer explicitly states that their mind has changed.,success,,
RT004613,"fabric achha nahi, fitting bhi tight",quality,The comment mentions poor fabric quality and tight fitting.,success,,
RT004614,mam oredr bahut der se mila,delivery_late,The customer states that the order was received very late.,success,,
RT004617,pls sleeves tight hai arms me 🙏,too_small,The comment indicates that the sleeves are tight on the arms.,success,,
RT004618,"hello, अच्छा नहं लगा refund chahiye",unclear,The comment expresses dissatisfaction without a specific reason.,success,,
RT004619,size se chota h !!,too_small,The comment indicates that the item is smaller than expected.,success,,
RT004621,function cancel ho gaya pls return,changed_mind,"The comment states that the function was canceled, leading to a return.",success,,
RT004622,mam order bahut ders e mila very disappointed,delivery_late,The comment mentions disappointment due to late delivery.,success,,
RT004624,"bahut late aaya, function nikal gaya 🙏",delivery_late,The comment indicates that the order arrived very late.,success,,
RT004625,oversized lag raha hai jabki regular fit likha tha exchange nahi chahiye,too_large,The item is oversized despite being labeled as regular fit.,success,,
RT004629,accidentally order ho gaya !!,changed_mind,The order was placed accidentally.,success,,
RT004633,na,unclear,The comment is vague and does not provide a specific reason.,success,,
RT004635,"sir gift tha, unko pasand nahi aaya jaldi pickup karo",changed_mind,The gift was not liked by the recipient.,success,,
RT004639,bhaiya silai khuli hui thi aate hi refund chahiye,damaged,The stitching was open upon arrival.,success,,
RT004641,"gift tha, unko pasand nahi aaya jaldi pickup karo",changed_mind,The gift was not liked by the recipient.,success,,
RT004649,PLS ACHA NAHI LAGA 🙏,unclear,The comment expresses general dissatisfaction without a specific reason.,success,,
RT004650,colour alag hai aur quality bhi average,colour_mismatch,The comment indicates a mismatch in color and mentions average quality.,success,,
RT004652,pls beti ke liye liya tha chhota pad gaya 🙏,too_small,The item was too small for the intended recipient.,success,,
RT004653,"HELLO, RANG HALKA HAI BAHUT !!",colour_mismatch,The comment indicates that the color is much lighter than expected.,success,,
RT004656,"mam gift th, unko pasand nahi aaya",changed_mind,The gift was not liked by the recipient.,success,,
RT004658,mam bekar refund chahiye,unclear,The comment expresses dissatisfaction without a specific reason.,success,,
RT004659,bada hai and colour bhi photo jaisa nahi,too_large,The item is too big and the color does not match the photo.,success,,
RT004661,pls not as exppected jaldi pickup karo,delivery_late,The item was not as expected and the customer requests a quick pickup.,success,,
RT004662,colour alag hai aur quality bhi average,colour_mismatch,The color is different and the quality is average.,success,,
RT004663,hi bahut loose hai,too_large,The item is described as very loose.,success,,
RT004666,qualit bilkul bekar 🙏,quality,The comment indicates that the quality is very poor.,success,,
RT004668,M MANGAAY THA BADA AAYA,too_large,The customer received a larger size than ordered.,success,,
RT004669,.,unclear,The comment is not specific and does not provide a clear reason.,success,,
RT004674,hole hai sleeve pe jaldi pickup karo,damaged,The comment mentions a hole in the sleeve.,success,,
RT004676,na,unclear,Comment does not provide a specific reason for the return.,success,,
RT004678,bhaiya bahut loose hai jaldi pickup karo,too_large,Customer indicates the item is too loose.,success,,
RT004680,hi too loose at wait !!,too_large,Customer states the item is too loose.,success,,
RT004681,NOT AS EXPECED PLS RETURN,unclear,Comment expresses dissatisfaction but does not specify a reason.,success,,
RT004684,"hello, function cancel ho gaya exchange nahi chahiye",changed_mind,Customer no longer wants the item due to a canceled function.,success,,
RT004685,"hello, oversized lag raha hai jabki regular fit likha tha",too_large,The item is oversized despite being labeled as regular fit.,success,,
RT004687,pls silai khuli hui thi aate hi refund chahiye,damaged,The stitching was open upon arrival.,success,,
RT004688,"hello, fitting bahut tight hai yaar",too_small,The fitting is very tight.,success,,
RT004689,mind change ho aya,changed_mind,The customer has changed their mind.,success,,
RT004690,bhaiya quality achhi nahi hai,quality,The quality of the product is not good.,success,,
RT004692,not as expected refund chahiye,unclear,The comment does not specify a clear reason for the return.,success,,
RT004696,dusri jagah sasta mil gaya 🙏,changed_mind,The customer found a cheaper option elsewhere.,success,,
RT004700,"bhaiya gift tha, unko pasand nahi aaya !!",changed_mind,The gift was not liked by the recipient.,success,,
RT004705,pls stain ila delivery pe,damaged,The comment indicates a stain on the item.,success,,
RT004706,"hello, return refund chahiye",unclear,The comment does not specify a clear reason for the return.,success,,
RT004707,function cancel ho gaya !!,changed_mind,The event was canceled.,success,,
RT004710,hi 😞 jaldi pickup karo,delivery_late,"The customer is requesting a quick pickup, indicating a delay.",success,,
RT004712,"hello, order bahut der se mila !!",delivery_late,The order was received very late.,success,,
RT004715,"kruti bahut fit hai, breathe nahi kar pa rahi !!",too_small,The item is too tight for the customer.,success,,
RT004719,bhaiya dsri jagah sasta mil gaya pls return,changed_mind,The customer found a cheaper option elsewhere.,success,,
RT004720,function cancel oh gaya refund chahiye,changed_mind,Customer wants a refund due to cancellation.,success,,
RT004726,hi pink mangaya tha peach aaya,colour_mismatch,Customer received a peach item instead of the ordered pink.,success,,
RT004728,"hello, delivery me 12 din lag gaye exchange nahi chahiye",delivery_late,Delivery took 12 days and customer does not want an exchange.,success,,
RT004730,sir not as expected,unclear,Comment indicates dissatisfaction without a specific reason.,success,,
RT004732,"fabric achha nahi, fitting bhi tight",quality,Customer mentions poor fabric quality and tight fitting.,success,,
RT004736,bhaiya ab zarurat nahi hai,changed_mind,Customer no longer needs the item.,success,,
RT004737,pls time pe nahi aaya o ab kya karu,delivery_late,The item did not arrive on time.,success,,
RT004738,"hello, gift tha, unko pasand nahi aaya 🙏",changed_mind,The gift was not liked by the recipient.,success,,
RT004741,hi issue hai refund chahiye,unclear,The comment does not specify a clear reason for the refund.,success,,
RT004744,"WRONG SIZE BHEJA, M ORDER KIYA THA XL AAYA",too_large,"The customer received the wrong size, which was larger than ordered.",success,,
RT004745,"hi chhota aa gaya, size chart galat hai jaldi pickup karo",too_large,The item is too small according to the size chart.,success,,
RT004746,bhaiya holeh ai sleeve pe 🙏,damaged,The sleeve has a hole.,success,,
RT004748,.,unclear,The comment does not provide a specific reason.,success,,
RT004752,BACCHE KE LIYE BAHUT BADA HAI JALDI PICKUP KARO,too_large,The item is too large for the child.,success,,
RT004759,beti ke liye liya tha chhota pad gaya,too_small,The item is too small for the daughter.,success,,
RT004761,nahi chahiye bas,unclear,The comment does not provide a specific reason for the return.,success,,
RT004763,mam quality bilklu bekar jaldi pickup karo,quality,The comment explicitly states that the quality is poor.,success,,
RT004765,lengtth bhi kam hai aur tight bhi,too_small,The comment indicates that the item is tight and shorter than expected.,success,,
RT004769,hi stain mila delivery pe !!,damaged,The comment mentions a stain found on the item upon delivery.,success,,
RT004770,hi ok exchange nahi chahiye,changed_mind,The comment indicates that the customer does not want an exchange.,success,,
RT004771,colour alag hai aur quality bhi average,colour_mismatch,The comment indicates a mismatch in color and mentions average quality.,success,,
RT004772,hi no pls return,unclear,The comment does not provide a specific reason for the return.,success,,
RT004773,colour alag hai aur quality bhi average,colour_mismatch,The comment indicates a mismatch in color and mentions average quality.,success,,
RT004774,साइज़ छोटा है !!,too_small,The comment explicitly states that the size is too small.,success,,
RT004780,hole hai sleeve pe refund chahiye,damaged,"The comment mentions a hole in the sleeve, indicating damage.",success,,
RT004782,pls ok very disappointed,unclear,The comment expresses disappointment without specifying a reason.,success,,
RT004783,"HELLO, TIGHT HAI EXCHANGE NAHI CHAHIYE",too_small,The comment indicates that the item is tight and does not want an exchange.,success,,
RT004794,"hello, साइज़ छोटा है very disappointed",too_small,The comment states that the size is small.,success,,
RT004796,"hello, dusrii jagah sasta mil gaya !!",changed_mind,The comment indicates finding a cheaper option elsewhere.,success,,
RT004797,pls bekar jaldi pickup karo,unclear,The comment says 'bekar' and requests a quick pickup without a specific reason.,success,,
RT004798,"hello, thek nahi hai very disappointed",unclear,Comment expresses disappointment without a specific reason.,success,,
RT004799,"hi wrong size bheja, M order kiya tha XL aaya pls return",too_large,Customer received a larger size than ordered.,success,,
RT004802,"late delivery, mehndi ke baad aaaya !!",delivery_late,Comment states the delivery was late.,success,,
RT004807,"KURTI BAHUT FIT HAI, BREATHE NHAI KAR PA RAHI !!",too_small,Customer indicates the kurti is too tight to wear.,success,,
RT004808,SIR DELIVERY ME 12 DIN LAG GAYE VERY DISAPPOINTED,delivery_late,Comment states the delivery took too long.,success,,
RT004817,"hello, 😞",unclear,Comment does not provide a specific reason for the return.,success,,
RT004819,sir कपड़ा बहुत पतला है,quality,"Comment indicates that the fabric is very thin, suggesting a quality issue.",success,,
RT004828,sir acha nahi laga 🙏,unclear,Comment expresses dissatisfaction without a specific reason.,success,,
RT004830,"hello, order bahut de se mila",delivery_late,Comment states that the order was received very late.,success,,
RT004831,sir कपड़ा बहुत पतला है 🙏,quality,"Comment indicates that the fabric is very thin, suggesting a quality issue.",success,,
RT004832,size chota hai aur kapda bhi patla,too_small,The size is too small and the fabric is thin.,success,,
RT004834,hi function cancel ho gaya,changed_mind,The function/event has been cancelled.,success,,
RT004837,"hello, hole hai seeve pe !!",damaged,There is a hole in the sleeve.,success,,
RT004844,pls sleeves tight hai arms me,too_large,The sleeves are tight in the arms.,success,,
RT004845,hi ...,unclear,The comment does not provide a specific reason.,success,,
RT004846,"hello, अच्छा नहीं लगा",unclear,The comment indicates dissatisfaction without a specific reason.,success,,
RT004848,size chota hai aur kapda bhi patla,too_small,The comment states the size is small and the fabric is thin.,success,,
RT004850,bhaiya accidentally order ho gaya exchange nahi chahiye,changed_mind,The comment indicates an accidental order and a desire to not exchange.,success,,
RT004854,"hello, mummy ko pasand nahi aaya pls return",changed_mind,The comment indicates that the customer's mother did not like the item.,success,,
RT004855,hi paasand nahi aaya,unclear,The comment indicates dissatisfaction without a specific reason.,success,,
RT004856,colour alag hai aur quality bhi average,colour_mismatch,The comment indicates a mismatch in color and mentions average quality.,success,,
RT004860,late aaya aur packet bhi phata hua,damaged,The comment states that the package was late and also damaged.,success,,
RT004863,SIR TIME PE NAHI AAYA TO AB KYA KARU PLS RETURN,delivery_late,The comment explicitly mentions that the item did not arrive on time.,success,,
RT004864,pls function cancel ho gaya,changed_mind,"The comment indicates that the function was canceled, leading to a change of mind.",success,,
RT004868,"HELLO, ORDERED L BUT FEELS LIKE S PLS RETURN",too_large,The comment indicates that the ordered size L feels like size S.,success,,
RT004871,"fabric achha nahi, fitting bhi tight",quality,Customer mentioned poor fabric and tight fitting.,success,,
RT004875,"HI BAHUT LATE AAYA, FUNCTION NIKAL GAYA",delivery_late,Customer stated the item arrived late and missed a function.,success,,
RT004877,AB ZARURAT NAHI HAI,changed_mind,Customer indicated they no longer need the item.,success,,
RT004878,"late dellivery, mehndi ke baad aaya !!",delivery_late,Customer mentioned late delivery after a mehndi event.,success,,
RT004881,"HI BAHUT LATEA AYA, FUNCTION NIKAL GAYA 🙏",delivery_late,Customer stated the item arrived late and missed a function.,success,,
RT004882,order bahut der se mlia,delivery_late,The order was received very late.,success,,
RT004883,"bhaiya stitching kharab hai, dhaage nikal rahe exchange nahi chahiye",quality,The stitching is poor and threads are coming out.,success,,
RT004886,"hi bahut late aaya, function nikal gaya",delivery_late,The item arrived very late and the function has passed.,success,,
RT004888,colour alag hai aur quality bhi average,colour_mismatch,The color is different and the quality is average.,success,,
RT004890,"hello, smaller than usual size 🙏",too_small,The item is smaller than the usual size.,success,,
RT004898,same as before 🙏,unclear,The comment does not provide a specific reason for the return.,success,,
RT004899,colour alag hai aur quality bhi average,colour_mismatch,The comment indicates a mismatch in color and mentions average quality.,success,,
RT004900,ye wala hade nahi tha website pe refund chahiye,wrong_item,The comment states that the item received is not as shown on the website.,success,,
RT004909,na,unclear,The comment does not provide a specific reason for the return.,success,,
RT004910,mam pink mangaya tha peachaaya jaldi pickup karo,delivery_late,The comment indicates a delay in pickup for the wrong item.,success,,
RT004916,bhaiya dont need it anymore refund chahiye,changed_mind,Customer no longer needs the item and requests a refund.,success,,
RT004917,bhaiya ok pls return,unclear,Customer simply states to return without providing a specific reason.,success,,
RT004919,not as expected jaldi pickup karo,unclear,Customer mentions not meeting expectations but does not specify why.,success,,
RT004920,bhaiya not as expected exchange nahi chahiye,changed_mind,Customer indicates they do not want an exchange as it is not as expected.,success,,
RT004922,pls ek wash me rang chala gaya !!,quality,"Customer reports that the color faded after one wash, indicating a quality issue.",success,,
RT004923,size chota hai aur kapda bhi patla,too_small,The size is too small and the fabric is thin.,success,,
RT004925,mam oder bahut der se mila,delivery_late,The order was received very late.,success,,
RT004929,WAIST PE NAHI AAYA,too_large,The item did not fit at the waist.,success,,
RT004930,hi pasand nahi aaya refund chahiye,changed_mind,The customer did not like the item and wants a refund.,success,,
RT004931,ab zarurat nahi hai,changed_mind,The customer no longer needs the item.,success,,
RT004932,hi mustard bola tha ye to green yellow hai,colour_mismatch,The customer received a different color than expected.,success,,
RT004934,pls smaller than uusal size exchange nahi chahiye,too_small,The customer found the item smaller than usual size.,success,,
RT004936,ok,unclear,The comment does not provide a specific reason for the return.,success,,
RT004937,pls M mangaya tha bada aaya,too_large,The customer received a larger size than ordered.,success,,
RT004938,dont need it anymore very disappointed,changed_mind,The customer no longer needs the item and expresses disappointment.,success,,
RT004939,HI BAHUT LOOSE HAI,too_large,The item is described as very loose.,success,,
RT004941,"pls too big, ekdum dheela refund chahiye",too_large,The customer states the item is too big and requests a refund.,success,,
RT004943,"Size small aaya, mera regular M h 🙏",too_small,The customer received a smaller size than expected.,success,,
RT004947,mam acha nahi laga !!,unclear,The comment expresses dissatisfaction without a specific reason.,success,,
RT004949,colour alag hai aur quality bhi average,colour_mismatch,The customer mentions a difference in color and average quality.,success,,
RT004954,...,unclear,Comment does not provide a specific reason for the return.,success,,
RT004955,hi delivery me 12 din lag gaye jaldi pickup karo,delivery_late,Customer states that delivery took 12 days.,success,,
RT004957,bada hai and colour bhi photo jaisa nahi,colour_mismatch,Customer mentions the color is not like the photo and the item is too large.,success,,
RT004958,"hello, pls return !!",unclear,Comment does not provide a specific reason for the return.,success,,
RT004959,mam nahi chahiye bas,unclear,Comment does not provide a specific reason for the return.,success,,
RT004960,"bhaiya kurti bahut fit hai, breathe nahi kar pa rahi",too_small,The kurti is too tight and uncomfortable.,success,,
RT004961,pls bahut loose hai !!,too_large,The item is very loose.,success,,
RT004963,dusri jagah sasta mil gaya,changed_mind,The customer found the same item cheaper elsewhere.,success,,
RT004973,order bahut der se mila very disappointed,delivery_late,"The order was received very late, causing disappointment.",success,,
RT004974,"bhaiya chhota aa gaya, size char tgalat hai",too_small,The item received is smaller than expected.,success,,
RT004984,damaged piece received exchange nahi chahiye,damaged,The comment states that a damaged piece was received.,success,,
RT004985,bhaiya delivery me 12 din lag gaye very disappointed,delivery_late,"The comment indicates that delivery took 12 days, which is late.",success,,
RT004989,"hello, ... jaldi pickup karo",unclear,The comment does not provide a specific reason for the return.,success,,
RT004992,colour alag hai photo se exchange nahi chahiye,colour_mismatch,The comment mentions that the colour is different from the photo.,success,,
RT004993,order bahut der se mila !!,delivery_late,The comment states that the order was received very late.,success,,
RT004995,pls pehli dhulai me shrink ho gaya !!,quality,"The product shrank after the first wash, indicating a quality issue.",success,,
RT004998,size chota hai aur kapda bhi patla,too_small,The size is too small and the fabric is thin.,success,,
RT004999,"HELLO, COLOUR FADE SA HAI PHOTO JAISA NAHI PLS RETURN",colour_mismatch,The color has faded and does not match the photo.,success,,
RT005002,WAIST PE NAHI AAYA PLS RETURN,too_large,The waist size does not fit.,success,,
RT005010,bhaiya pasad nahi aaya jaldi pickup karo,changed_mind,The customer did not like the item and wants it picked up.,success,,
RT005011,"hello, no",unclear,The comment does not provide a specific reason for the return.,success,,
RT005018,dusri jagah sasta mil gaya pls return,changed_mind,The customer found a cheaper option elsewhere.,success,,
RT005022,not as expected,unclear,The comment indicates dissatisfaction but does not specify a reason.,success,,
RT005023,not a expected,unclear,The comment indicates dissatisfaction but does not specify a reason.,success,,
RT005024,image me bright tha real me dull hai jaldi pickup karo,colour_mismatch,The customer states the product is dull compared to the image.,success,,
RT005025,bada hai and colour bhi photo jaisa nahi,too_large,The item is too large and the color does not match the photo.,success,,
RT005028,pls same as before pls return,unclear,The comment does not provide a specific reason for the return.,success,,
RT005030,hi accidentally order ho gaya very disappointed,changed_mind,The customer accidentally ordered the item and is disappointed.,success,,
RT005031,"hello, rang biklul alag hai 🙏",colour_mismatch,The color is completely different from what was expected.,success,,
RT005032,length bhi kam hai aur tight bhi,too_small,The length is short and the item is tight.,success,,
RT005037,dont need it anymore pls return,changed_mind,Customer no longer needs the item.,success,,
RT005039,size chota hai aur kapda bhi patla,too_small,Customer states the size is small and the fabric is thin.,success,,
RT005040,bhaiya function cancel ho gaya pls return,changed_mind,Customer wants to return the item due to a canceled function.,success,,
RT005041,hi packet geela tha kapda kharab refund chahiye,damaged,Customer reports the package was wet and the fabric is damaged.,success,,
RT005047,"fabric achha nahi, fitting bhi tight",quality,Customer complains about poor fabric quality and tight fitting.,success,,
RT005048,-,unclear,Comment does not provide a specific reason for the return.,success,,
RT005050,hi pasand nahi aaya,unclear,Comment indicates dissatisfaction without a specific reason.,success,,
RT005053,mam galat product aaya,wrong_item,Comment states that the wrong product was received.,success,,
RT005055,"hi bahut late aaay, function nikal gaya",delivery_late,Comment mentions that the delivery was very late.,success,,
RT005056,sir theek nahi hai,unclear,Comment indicates dissatisfaction without a specific reason.,success,,
RT005060,ek wash e rang chala gaya 🙏,colour_mismatch,The color faded after one wash.,success,,
RT005064,tigt hai pls return,quality,The item is not fitting well.,success,,
RT005066,pasand nahi aaya,unclear,The customer did not like the item but did not specify why.,success,,
RT005068,pls nahi chahiye bas 🙏,unclear,The comment indicates the customer does not want the item but lacks specific reasoning.,success,,
RT005072,😞 exchange nahi chahiye,changed_mind,The customer has decided they do not want to exchange the item.,success,,
RT005073,hi 😞,unclear,The comment does not provide a specific reason for the return.,success,,
RT005074,sir mummy ko pasand nahi aaya very disappointed,changed_mind,The item was not liked by the customer's mother.,success,,
RT005075,ab zaruratn ahi hai jaldi pickup karo,changed_mind,The customer no longer needs the item.,success,,
RT005077,"hello, gift tha, unko pasand nahi aaya",changed_mind,The gift was not liked by the recipient.,success,,
RT005081,order bahut der se mila refund chahiye,delivery_late,The order was received very late.,success,,
RT005083,साइज़ छछोटा है exchange nahi chahiye,too_small,"The size is too small, and the customer does not want an exchange.",success,,
RT005084,"fabric achha nahi, fitting bhi tight",quality,The customer mentions poor fabric quality and tight fitting.,success,,
RT005085,ab zarurat nahi hai very disappointed,changed_mind,The customer no longer needs the item and expresses disappointment.,success,,
RT005086,"hello, Size small aaya, mera regular M h !!",too_small,The customer received a size small instead of their regular medium.,success,,
RT005087,RANG HALKA HAI BAHUT JALDI PICKUP KARO,colour_mismatch,The customer states that the color is lighter than expected.,success,,
RT005088,"mam size M bahut tight hai, L lena padega jaldi pickup karo",too_small,"The size M is too tight, needs to exchange for size L.",success,,
RT005094,रंग फोटो से अलग है very disappointed,colour_mismatch,"The color is different from the photo, leading to disappointment.",success,,
RT005100,pls mummy ko pasandn ahi aaya,changed_mind,The customer's mother did not like the item.,success,,
RT005101,ye wala shade nahi tha wbsite pe,colour_mismatch,The shade received is not the same as shown on the website.,success,,
RT005103,"mam gift tha, unko pasand nahi aaya",changed_mind,The gift was not liked by the recipient.,success,,
RT005104,-,unclear,Comment does not provide a specific reason for the return.,success,,
RT005111,pls ek wash me rang chala gaya pls return,damaged,Customer reports that the color faded after one wash.,success,,
RT005114,bhaiya ok 🙏,unclear,Comment does not provide a specific reason for the return.,success,,
RT005123,pls pasand nahi aaya refund chahiye,unclear,The comment indicates dissatisfaction but does not specify a clear reason.,success,,
RT005124,hi accidentallyorder ho gaya very disappointed,changed_mind,"The comment indicates an accidental order and disappointment, suggesting a change of mind.",success,,
RT005125,order bahut der se mila very disappointed,delivery_late,The comment explicitly states that the order was received very late.,success,,
RT005126,shoulders  gir rahe hain itna loose jaldi pickup karo,too_large,"The comment indicates that the shoulders are loose, suggesting the item is too large.",success,,
RT005129,colour alag hai aur quality bhi average,colour_mismatch,"The comment mentions a different color and average quality, indicating a color mismatch.",success,,
RT005131,"material not as described, ye cotton nahi lagta 🙏",quality,"The material is not as described, indicating a quality issue.",success,,
RT005132,no very disappointed,unclear,The comment expresses disappointment without a specific reason.,success,,
RT005133,"too big, ekdum dheela jaldi pickup karo",too_large,The item is described as too big.,success,,
RT005134,sir delivery me 12 din lag gaye very disappointed,delivery_late,"The delivery took 12 days, which is stated as a disappointment.",success,,
RT005135,LENGT BAHUT ZYADA HAI EXCHANGE NAHI CHAHIYE,too_large,"The length is too much, and the customer does not want an exchange.",success,,
RT005136,pls mind change ho gaya pls return,changed_mind,Customer indicates a change in preference.,success,,
RT005140,late aaya aur packet bhi phata hua,damaged,The package was damaged upon arrival.,success,,
RT005141,mam बहुत टाइट है 🙏,too_small,The item is too tight for the customer.,success,,
RT005149,"hello, mind change ho gaya",changed_mind,Customer indicates a change in preference.,success,,
RT005150,sleeves tight hai arms me jaldi pickup karo,too_small,The sleeves are tight for the customer.,success,,
RT005151,na,unclear,Comment does not provide a specific reason for the return.,success,,
RT005156,hi maine kurti mangayi thi top aaya jaldi pickup karo,wrong_item,Customer received a top instead of the ordered kurti.,success,,
RT005158,hi mind change ho gaya exchange nahi chahiye,changed_mind,Customer indicates a change of mind and does not want an exchange.,success,,
RT005160,"HELLO, BACCHE KE LYE BAHUT BADA HAI",too_large,Item is too large for the customer.,success,,
RT005161,mam dont need it anymore very disappointed,changed_mind,Customer no longer needs the item and expresses disappointment.,success,,
RT005162,"bhaiya wrong size bheja, M order kiya tha XL aaya",wrong_item,Customer received the wrong size.,success,,
RT005166,issue hai exchange nahi chahiye,unclear,Comment indicates an issue but does not specify a clear reason.,success,,
RT005171,theek nahi hai,unclear,Comment expresses dissatisfaction without a specific reason.,success,,
RT005172,"photo me maroon dikha, aaya brown refund chahiye",colour_mismatch,Customer received a different color than shown in the photo.,success,,
RT005176,pls pasand nahi aaya very disappointed,changed_mind,Customer did not like the item.,success,,
RT005177,size chart pe 38 likha tha but 36 jaisa hai refund chahiye,too_small,The size received is smaller than what was indicated on the size chart.,success,,
RT005178,mam function cancel ho gaya,changed_mind,"The function was cancelled, leading to a change in preference.",success,,
RT005180,pasand nahi aaya refund chahiye,unclear,The comment indicates dissatisfaction without a specific reason.,success,,
RT005182,colou mismatch jaldi pickup karo,colour_mismatch,The comment explicitly mentions a mismatch in color.,success,,
RT005183,"mam gift tha, unko pasand nahi aaya",changed_mind,"The gift was not liked by the recipient, leading to a return.",success,,
RT005185,bhaiya beti ke liye liya tha chhota pad gaya,too_small,The item is too small for the intended recipient.,success,,
RT005186,"gift tha, unko pasand nahi aaya exchange nahi chahiye",changed_mind,"The gift was not liked by the recipient, and no exchange is desired.",success,,
RT005188,SIR SIZE CHOTA HAI PLS RETURN,too_small,The size is too small.,success,,
RT005191,rang halka hai bahut !!,colour_mismatch,The color is lighter than expected.,success,,
RT005193,size se chota h,too_small,The size is smaller than expected.,success,,
RT005195,rang halka hai bahut exchange nahi chahiye,colour_mismatch,The customer indicates that the color is lighter than expected.,success,,
RT005196,"hello, Size small aaya, mera regular M h jaldi pickup karo",too_small,The customer received a size small instead of their regular medium.,success,,
RT005197,"hello, gift tha, unko pasand nahi aaya !!",changed_mind,The gift was not liked by the recipient.,success,,
RT005198,ordered L but feels like S exchange nahi chahiye,too_small,The customer feels the ordered size L fits like size S.,success,,
RT005201,PLS कपड़ा बहुत पतला है PLS RETURN,quality,The customer complains about the fabric being very thin.,success,,
RT005204,bhaiya zip kaam nahi kar rahi exchange nahi chahiye,damaged,"The zip is not working, indicating a product defect.",success,,
RT005206,"hi gift tha, unko pasand nah aaya !!",changed_mind,The gift was not liked by the recipient.,success,,
RT005210,"pls Size small aaya, mera regular M h !!",too_small,"The size received is small, while the customer usually wears medium.",success,,
RT005212,pls packet khula tha aur kapde pe daag hai !!,damaged,The package was open and the cloth has a stain.,success,,
RT005213,"hello, chhota aa gaya, size chart galat hai exchange nahi chahiye",too_small,"The item received is smaller than expected, and the size chart is incorrect.",success,,
RT005214,bhaiya pasand nahi aaya jaldi pickup karo,unclear,The comment indicates dissatisfaction without a specific reason.,success,,
RT005217,"bahut late aaya, function nikal gaya",delivery_late,The comment states that the item arrived late and the function was missed.,success,,
RT005219,"fabric achha nahi, fitting bhi tight",quality,The comment identifies issues with the fabric and fitting.,success,,
RT005220,hi quality bilkul bekar 🙏,quality,The comment explicitly states that the quality is very poor.,success,,
RT005227,bhaiya ab zarurat nahi hai 🙏,changed_mind,The comment indicates a change in need for the item.,success,,
RT005232,kapda bahut patla hai jaldi pickup karo,quality,The fabric is too thin.,success,,
RT005235,hi mind change ho gaya,changed_mind,The customer has changed their mind.,success,,
RT005237,sir pasand nahi aaya exchange nahi chahiye,unclear,The customer did not like the item but did not specify a reason.,success,,
RT005238,button toota hua tha,damaged,The button was broken.,success,,
RT005244,"hello, chhota aagaya, size chart galat hai",too_small,The item received is smaller than expected.,success,,
RT005245,pls same sa before refund chahiye,unclear,The comment does not specify a clear reason for the return.,success,,
RT005246,"sir bahut late aaya, function nikal gaya 🙏",delivery_late,The comment indicates that the delivery was very late.,success,,
RT005252,sir bahut loose hai 🙏,too_large,The comment states that the item is very loose.,success,,
RT005254,MAM ORDER BAHUT DER SE MILA VERY DISAPPOINTED,delivery_late,The comment expresses disappointment due to late delivery.,success,,
RT005256,MUMMY KO PASAND NAHI AAA !!,changed_mind,The comment indicates that the item was not liked by the customer's mother.,success,,
RT005259,bhaiya theek nahi hai pls return,unclear,The comment does not specify a clear reason for the return.,success,,
RT005262,pls issue hai,unclear,The comment does not provide a specific reason for the return.,success,,
RT005264,mam doosra colour bhej diya refund chahiye,wrong_item,The customer received a different color than expected.,success,,
RT005265,bada hai and colour bhi photo jaisa nahi,too_large,The item is too large and the color does not match the photo.,success,,
RT005266,bada hai and colour bhi photo jaisa nahi,too_large,The item is too large and the color does not match the photo.,success,,
RT005269,sir return jaldi pickup karo,unclear,The comment does not specify a reason for the return.,success,,
RT005270,mummy ko pasand nahi aaya very disappointed,changed_mind,The item was not liked by the customer's mother.,success,,
RT005271,pls ordered L but feels like S very disappointed,too_small,The ordered size L feels like size S.,success,,
RT005272,"sir size m bahut tighth ai, l lena padega jaldi pickup karo",too_large,"The size M is too tight, and the customer needs size L.",success,,
RT005273,sir quality bilkul bekar,quality,The customer explicitly states the quality is very poor.,success,,
RT005274,hi paasnd nahi aaya pls return,unclear,The comment indicates dissatisfaction without a specific reason.,success,,
RT005276,dusri jagah sasta mil gaya !!,changed_mind,The customer found a cheaper option elsewhere.,success,,
RT005284,pasandn ahi aaya !!,unclear,The comment indicates dissatisfaction without a specific reason.,success,,
RT005287,hi theek nahii hai exchange nahi chahiye,unclear,The comment indicates dissatisfaction without a specific reason.,success,,
RT005288,ye wala shade nahi tha website pe,colour_mismatch,The customer received a different shade than shown on the website.,success,,
RT005290,mam not good,unclear,Comment does not specify a clear reason for return.,success,,
RT005291,bhaiya accidentally order ho gaya 🙏,changed_mind,Customer indicates the order was made accidentally.,success,,
RT005293,hi delivery me 12 din lag gaye very disappointed,delivery_late,Customer expresses disappointment due to late delivery.,success,,
RT005301,MAM AB ZARURAT NAHI HAI VERY DISAPPOINTED,changed_mind,Customer states they no longer need the item.,success,,
RT005302,pls acha nahi laga refund chahiye,unclear,Comment indicates dissatisfaction but lacks specific reason.,success,,
RT005306,"hello, color is different from image",colour_mismatch,The customer states that the color is different from the image.,success,,
RT005309,pls color is different from image !!,colour_mismatch,The customer indicates that the color is different from the image.,success,,
RT005311,size chota hai aur kapda bhi patla,too_small,The customer mentions that the size is small and the fabric is thin.,success,,
RT005312,"bahut late aaya, fuunction nikal gaya refund chahiye",delivery_late,The customer states that the item arrived very late and they missed the function.,success,,
RT005313,sir phata hua aaya !!,damaged,The customer reports that the item arrived torn.,success,,
RT005315,ab zarurat nahi hai,changed_mind,Customer indicates they no longer need the item.,success,,
RT005320,mam ok pls return,unclear,Comment does not specify a reason for return.,success,,
RT005322,rang halka hai bahut jaldi pickup karo,colour_mismatch,Customer mentions the color is lighter than expected.,success,,
RT005325,"hello, rang bilkull alag hai",colour_mismatch,Customer states the color is completely different.,success,,
RT005331,"late delivery, mehndi ke baad aaya 🙏",delivery_late,Customer mentions late delivery as the issue.,success,,
RT005334,hi waist pe nahi aaya,too_large,The item does not fit well at the waist.,success,,
RT005337,colour alag hai photo se exchange nahi chahiye,colour_mismatch,"The color is different from the photo, and the customer does not want an exchange.",success,,
RT005338,mam time pe nahi aaya to ab kya karu,delivery_late,The item did not arrive on time.,success,,
RT005339,pls tight hai very disappointed,too_small,"The item is too tight, leading to disappointment.",success,,
RT005340,dusri jagah sasta mil gaya,changed_mind,The customer found the item cheaper elsewhere.,success,,
RT005345,pls बहुत टाइट है pls return,too_small,The item is too tight.,success,,
RT005346,mam ... refund chahiye,unclear,The comment only requests a refund without specifying a reason.,success,,
RT005347,bada hai and colour bhi photo jaisa nahi,colour_mismatch,The item is larger than expected and the color does not match the photo.,success,,
RT005348,"sir late delivery, mehndi ke baad aaya 🙏",delivery_late,"The item was delivered late, after the event.",success,,
RT005353,hi quality bilkul ekar very disappointed,quality,The customer is disappointed with the quality of the item.,success,,
RT005355,late aaya aur packet bhi phata hua,damaged,The package was damaged upon arrival.,success,,
RT005356,"too big, ekdum dheela refund chahiye",too_large,The item is too big and the customer requests a refund.,success,,
RT005358,"mam wrong size bheja, M order kiya tha XL aaya",wrong_item,The customer received the wrong size.,success,,
RT005359,bekar pls return,unclear,The comment expresses general dissatisfaction without a specific reason.,success,,
RT005362,bhaiya ye wala shade nahi tha website pe very disappointed,colour_mismatch,The shade received does not match what was shown on the website.,success,,
RT005364,size chota hai aur kapda bhi patla,too_small,The size is too small and the fabric is thin.,success,,
RT005365,bhaiya same as before very disappointed,unclear,The comment expresses disappointment without a specific reason.,success,,
RT005366,mam fabric rough hai skin pe chubhta hia jaldi pickup karo,quality,The fabric is rough and irritates the skin.,success,,
RT005367,sir ... 🙏,unclear,The comment does not provide a specific reason for the return.,success,,
RT005369,HI TIME PE NAHI AAYA TO AB KYA KARU REFUND CHAHIYE,delivery_late,"The item did not arrive on time, and a refund is requested.",success,,
RT005372,mam function cancel ho gaya 🙏,changed_mind,"The function was cancelled, indicating a change in circumstances.",success,,
RT005380,hi order bahut der se mila pls return,delivery_late,"The order was received very late, which is the stated issue.",success,,
RT005381,ab zaurat nahi hai jaldi pickup karo,changed_mind,The customer no longer needs the item.,success,,
RT005382,sir mummy ko pasand nahi aaya very disappointed,changed_mind,The customer's mother did not like the item.,success,,
RT005385,function cancel ho gaya,changed_mind,"The function was cancelled, indicating a change in circumstances.",success,,
RT005390,"hello, ab zarurat nahi hai",changed_mind,Customer no longer needs the item.,success,,
RT005391,mam ye wala shade nahi tha website pe 🙏,colour_mismatch,The shade received is different from what was shown on the website.,success,,
RT005398,sir colour fade sa ai photo jaisa nahi jaldi pickup karo,colour_mismatch,The color of the product is not as shown in the photo.,success,,
RT005400,size chota hai aur kapda bhi patla,too_small,The size is too small and the fabric is thin.,success,,
RT005402,"pls gift tha, unko pasand nahi aaya very disappointed",changed_mind,The gift was not liked by the recipient.,success,,
RT005405,image me bright tha real me dull hai very disappointed,colour_mismatch,The product color is dull compared to the bright image.,success,,
RT005406,रंग फोटो से अअलग है !!,colour_mismatch,The color is different from the photo.,success,,
RT005407,sir ab zarurat nahi hai,changed_mind,The customer no longer needs the item.,success,,
RT005412,bhaiya waist pe nahi ayaa !!,too_large,The item does not fit at the waist.,success,,
RT005417,bhaiya pink mangaya tha peach aaya,wrong_item,The customer received a peach item instead of the ordered pink.,success,,
RT005418,hi oversized lag raha hai jabki regular fit likha tha refund chahiye,too_large,Customer states the item is oversized despite being labeled as regular fit.,success,,
RT005427,bhaiya tigth hai jaldi pickup karo,too_small,Customer mentions the item is tight.,success,,
RT005429,sir size chart se baa nikla,too_large,Customer indicates the size is larger than expected based on the size chart.,success,,
RT005430,bhaiya phat hua aaya,damaged,Customer states the item arrived torn.,success,,
RT005431,mam length bahut zyyada hai !!,too_large,Customer mentions the length of the item is too much.,success,,
RT005434,nahi chahiye bas 🙏,unclear,The comment does not provide a specific reason for the return.,success,,
RT005435,NOT AS EXPECTED JALDI PICKUP KARO,unclear,The comment expresses dissatisfaction but does not specify a reason.,success,,
RT005438,"hello, size small aaya, mera regular m h refund chahiye",too_small,The customer received a smaller size than expected.,success,,
RT005444,pls delivery me 12 din lag gaye very disappointed,delivery_late,The customer is disappointed due to late delivery.,success,,
RT005445,"wrong size bheja,  order kiya tha xl aaya 🙏",wrong_item,The customer received the wrong size item.,success,,
RT005446,size chota hai aur kapda bhi patla,too_small,The size is too small.,success,,
RT005449,BHAIYA RANG HALKA HAI BAHUT !!,colour_mismatch,The color is much lighter than expected.,success,,
RT005451,hi beti ke liye liya ta chhota pad gaya,too_small,The item is too small for the intended recipient.,success,,
RT005454,bhaiya colour alag hai photo se,colour_mismatch,The color is different from the photo.,success,,
RT005456,bhaiya see through hai kapda jaldi pickup karo,quality,The fabric is see-through.,success,,
RT005458,"late delivery, mehndi ke baad aaya jaldi pickup karo",delivery_late,The comment explicitly states that the delivery was late.,success,,
RT005459,"hello, oversized lag raha haai jabki regular fit likha tha !!",too_large,The customer mentions that the item feels oversized despite being labeled as regular fit.,success,,
RT005460,"hello, अच्छा नहीं लगा very disappointed",unclear,The comment expresses general dissatisfaction without a specific reason.,success,,
RT005461,color is different from image very disappointed,colour_mismatch,The customer states that the color is different from the image.,success,,
RT005464,hi function cancel ho gaya refund chahiye,changed_mind,The customer indicates a change in circumstances due to a canceled function.,success,,
RT005465,issue hai very disappointed,unclear,The comment does not specify the issue clearly.,success,,
RT005466,"hello, material not as described, ye cotton nahi lagta exchange nahi chahiye",quality,"The material is not as described, indicating a quality issue.",success,,
RT005467,pasand nahi aaya !!,unclear,The comment does not provide a specific reason for dissatisfaction.,success,,
RT005470,size se chota h exchange nahi chahiye,too_small,The size is smaller than expected.,success,,
RT005471,issue hai,unclear,The comment does not specify the issue clearly.,success,,
RT005476,"hello, late delivery, mehndi ke baad aaya 🙏",delivery_late,Customer mentions late delivery.,success,,
RT005477,bhaiya delivery me 12 din lag gaye 🙏,delivery_late,Customer states it took 12 days for delivery.,success,,
RT005479,sir delivery me 12 din lag gaye !!,delivery_late,Customer indicates a delay of 12 days in delivery.,success,,
RT005480,dusri jagah sasta mil gaya refund chahiye,changed_mind,Customer found the item cheaper elsewhere and wants a refund.,success,,
RT005484,mam ok exchange nahi chahiye,unclear,Customer states they do not want an exchange without providing a specific reason.,success,,
RT005485,"gift tha, unko pasand nahi aaya jaldi pickup karo",changed_mind,The gift was not liked by the recipient.,success,,
RT005486,"fabric achha nahi, fitting bhi tight",quality,The fabric quality is poor and the fitting is tight.,success,,
RT005488,"mam kurti bahut fit hai, breathenahi kar pa rahi exchange nahi chahiye",changed_mind,The customer is not interested in the exchange despite the fit issue.,success,,
RT005490,"sir Size small aaya, mera regular M h",too_small,The received size is small while the customer usually wears medium.,success,,
RT005491,pls dont need it anymore very disappointed,unclear,The comment indicates dissatisfaction but does not specify a reason.,success,,
RT005494,quality achhi nahi hai,quality,The comment indicates a problem with the quality of the product.,success,,
RT005495,not  good very disappointed,unclear,The comment expresses disappointment but does not specify a clear reason.,success,,
RT005496,dont need it anymore very disappointed,changed_mind,The comment indicates that the customer no longer needs the item.,success,,
RT005497,size chota hai aur kapda bhi patla,too_small,The comment states that the size is small and also mentions the fabric.,success,,
RT005498,pls very thin cloth exchange nahi chahiye,quality,"The comment indicates that the cloth is very thin, suggesting a quality issue.",success,,
RT005501,pls issue hai,unclear,The comment does not specify a clear reason for the return.,success,,
RT005502,function cancel o gaya !!,changed_mind,The comment indicates a change in circumstances due to a canceled function.,success,,
RT005504,hi size cchart se bada nikla exchange nahi chahiye,too_large,The comment states that the size is larger than the size chart.,success,,
RT005508,mummy ko pasand nahi aaya !!,changed_mind,The comment indicates that the customer's mother did not like the item.,success,,
RT005513,"hello, maine kurti mangayi thi top aaya !!",wrong_item,The comment indicates that the customer received a top instead of the kurti they ordered.,success,,
RT005516,"HELLO, ORDER BAHUT DER SE MILA !!",delivery_late,Customer states that the order arrived very late.,success,,
RT005518,bhaiya M mangaya tha bada aaya jaldi pickup karo,too_large,Customer ordered size M but received a larger size.,success,,
RT005521,"hello, function cancel ho gaya exchange nahi chahiye",changed_mind,Customer no longer needs the item due to a canceled function.,success,,
RT005522,"hello, order bahut der se mila",delivery_late,Customer mentions that the order arrived very late.,success,,
RT005523,print utar raha hai exchange nahi chahiye,quality,Customer reports that the print is coming off.,success,,
RT005524,sir accidentally order ho gaya,changed_mind,Customer indicates the order was made accidentally.,success,,
RT005525,sir not as expected pls return,unclear,Customer states the item is not as expected without specific details.,success,,
RT005527,"mam gift tha, unko pasand nahi aaya jaldi pickup karo",changed_mind,"The gift was not liked by the recipient, prompting a return.",success,,
RT005529,bada hai and colour bhi photo jaisa nahi,colour_mismatch,Customer mentions the size is too large and the color does not match the photo.,success,,
RT005533,ye mera order nahi hai refund chahiye,wrong_item,Customer states that the order received is not theirs.,success,,
RT005534,bahu ttight h shoulders pe,too_small,The item is too tight on the shoulders.,success,,
RT005541,"hello, अच्छा नहीं लगा exchange nahi chahiye",unclear,The comment indicates dissatisfaction without a specific reason.,success,,
RT005544,bada hai and colour bhi photo jaisa nahi,colour_mismatch,The size is too large and the color does not match the photo.,success,,
RT005545,"HI GIFT THA, UNKO PASAND NAHI AAYA REFUND CHAHIYE",changed_mind,"The gift was not liked by the recipient, leading to a refund request.",success,,
RT005546,"fabric achha nahi, fitting bhi tight",quality,The fabric quality is poor and the fitting is tight.,success,,
RT005550,pls colour mismatch,colour_mismatch,Customer explicitly mentions a colour mismatch.,success,,
RT005551,MAM NOT AS EXPECTED,unclear,Comment indicates dissatisfaction but does not specify a clear reason.,success,,
RT005554,mam ordered L but feels like S very disappointed,too_small,Customer ordered a larger size but feels it fits like a smaller size.,success,,
RT005561,mam colour alag hai photo se jaldi pickup karo,colour_mismatch,Customer states the colour is different from the photo.,success,,
RT005565,colour mismatch,colour_mismatch,Customer explicitly mentions a colour mismatch.,success,,
RT005566,BHAIYA BACCHE KE LIYE BAHUT BADA HAI 🙏,too_large,The item is too big for the child.,success,,
RT005568,hi function cancel ho gaya,changed_mind,The function was cancelled.,success,,
RT005569,bahut tight h shoulders pe pls return,too_small,The item is too tight at the shoulders.,success,,
RT005576,"size small aaya, mera regularm  h refund chahiye",too_small,"The size received is small, and a refund is requested.",success,,
RT005577,bhaiya length bahut zyada hai,too_large,The length of the item is too much.,success,,
RT005584,accidentally order ho gaya refund chahiye,changed_mind,Customer accidentally ordered the item and wants a refund.,success,,
RT005586,"hello, chhota aa gaya, size chart alat hai",too_small,The item received is smaller than expected.,success,,
RT005591,"photo me maroon dikha, aaya brown",colour_mismatch,The item received is brown instead of the expected maroon.,success,,
RT005593,sir not ase xpected very disappointed,unclear,Customer expresses disappointment without a specific reason.,success,,
RT005594,"gift tha, unko pasand nahi aaya refund chahiye",changed_mind,"The gift was not liked by the recipient, and a refund is requested.",success,,
RT005595,size chota hai aur kapda bhi patla,too_small,The size is too small.,success,,
RT005596,waist pe nahii aaya,too_small,The waist size does not fit.,success,,
RT005597,bhaiya same as before very disappointed,unclear,The comment expresses disappointment without a specific reason.,success,,
RT005598,sir sleeves tigth hai arms me very disappointed,too_small,The sleeves are tight on the arms.,success,,
RT005599,"hello, mind change ho gaya exchange nahi chahiye",changed_mind,The customer no longer wants the exchange.,success,,
RT005600,mam बहुत टाइट है very disappointed,too_small,The item is too tight.,success,,
RT005602,sir ab zarurat nahi hai !!,changed_mind,The customer no longer needs the item.,success,,
RT005603,mam fabric rough hai skin pe chubhta hai,quality,The fabric is rough and irritating to the skin.,success,,
RT005604,MAM GALAT PRODUUCT AAYA !!,wrong_item,The customer received the wrong product.,success,,
RT005606,bhaiya dont need it anymore pls return,changed_mind,The customer no longer needs the item.,success,,
RT005609,mam pasand nahi aaya exchange nahi chahiye,unclear,The comment indicates dissatisfaction without a specific reason.,success,,
RT005610,"gift tha, unko pasand nahi aaya",changed_mind,The item was a gift and the recipient did not like it.,success,,
RT005611,bhaiya time pe nahi aaya to ab kya karu 🙏,delivery_late,The comment states that the item did not arrive on time.,success,,
RT005612,sir function cancel oh gaya pls return,changed_mind,"The function was canceled, leading to a return request.",success,,
RT005613,bhaiya theek nahi hai exchange nahi chahiye,unclear,The comment indicates dissatisfaction without a specific reason.,success,,
RT005616,function cancel ho gaya very disappointed,changed_mind,"Customer's event was cancelled, leading to disappointment.",success,,
RT005621,bada hai and colour bhi photo jaisa nahi,colour_mismatch,The item is larger than expected and the color does not match the photo.,success,,
RT005623,"hello, accidentally order ho gaya very disappointed",changed_mind,Customer accidentally placed the order and is disappointed.,success,,
RT005624,sir siize se chota h 🙏,too_small,The item is smaller than the expected size.,success,,
RT005625,late aaya aur packet bhi phata hua,damaged,The package arrived late and was also damaged.,success,,
RT005626,.,unclear,Comment does not provide a specific reason.,success,,
RT005629,size chota hai aur kapda bhi patla,too_small,Customer indicates the size is small.,success,,
RT005631,bhaiya not as expected 🙏,unclear,Comment expresses disappointment without a specific reason.,success,,
RT005634,quality achhi nahi hai refund chahiye,quality,Customer states the quality is not good.,success,,
RT005635,PLS FUNCTION CANCEL HO GAYA PLS RETURN,changed_mind,Customer wants to return due to a canceled function.,success,,
RT005636,bhaiya dusri jagah sasta mil gaya pls return,changed_mind,Customer found a cheaper option elsewhere.,success,,
RT005638,sir size chart pe 38 likha tha but 36 jaisa hai,too_small,Size received is smaller than indicated on the size chart.,success,,
RT005639,delivery me 12 din lag gaye,delivery_late,"Delivery took 12 days, which is considered late.",success,,
RT005640,pls not as expected very disappointed,unclear,Customer expresses disappointment without a specific reason.,success,,
RT005641,mam accdentally order ho gaya very disappointed,changed_mind,Customer accidentally placed the order.,success,,
RT005642,"fabric achha nahi, fitting bhi tight",quality,Comment indicates poor fabric quality and tight fitting.,success,,
RT005647,length bhi kam hai aur tight bhi,too_small,Comment mentions the item is tight and short in length.,success,,
RT005648,mam pasand nahi aaya,changed_mind,Customer states they did not like the item.,success,,
RT005651,pls theek nahi haai pls return,unclear,Comment expresses dissatisfaction without a specific reason.,success,,
RT005652,hi galatproduct aaya very disappointed,wrong_item,Customer received the wrong product.,success,,
RT005657,na,unclear,Comment does not provide a specific reason.,success,,
RT005660,bhut tight h shoulders pe jaldi pickup karo,too_small,Comment indicates the item is too tight on the shoulders.,success,,
RT005661,😞 !!,unclear,Comment expresses dissatisfaction without a specific reason.,success,,
RT005662,"late delivery, mehndi ke baad aaya refund chahiye",delivery_late,Comment states the issue is late delivery.,success,,
RT005664,"fabric achha nahi, fitting bhi tight",quality,Comment mentions poor fabric quality and tight fitting.,success,,
RT005666,BHAIYA PHATA HUA AAYA,damaged,The product arrived damaged.,success,,
RT005667,sir fitting bahut tight hai yaar 🙏,too_small,The fitting is too tight.,success,,
RT005668,sir mummy ko pasand nahi aaya,changed_mind,The customer's mother did not like the item.,success,,
RT005675,"hello, size chota ahi !!",too_small,The size is too small.,success,,
RT005676,"pls bahut late aaya, function nikal gaya very disappointed",delivery_late,"The delivery was very late, causing disappointment.",success,,
RT005678,mam colourmismatch pls return,colour_mismatch,Customer reported a mismatch in color.,success,,
RT005682,"MAM SIZE SMALL AAYA, MERAREGULAR M H VERY DISAPPOINTED",too_small,Customer received a smaller size than expected.,success,,
RT005683,"pls bahut late aaya, function nikal gaya",delivery_late,Customer mentioned the item arrived late and missed an event.,success,,
RT005689,"hello, time pe nahi aaya to ab kya karu 🙏",delivery_late,Customer stated the item did not arrive on time.,success,,
RT005691,"bhaiya chhota aa gaya, size chart galat hai pls return",too_small,Customer received a smaller size than ordered.,success,,
RT005693,size chota hai aur kapda bhi patla,too_small,The size is too small.,success,,
RT005696,"hi late delivery,mehndi ke baad aaya",delivery_late,The delivery was late.,success,,
RT005698,bhaiya no tgood exchange nahi chahiye,unclear,The comment indicates no desire for exchange without a specific reason.,success,,
RT005701,"fabric achha nahi, fitting bhi tight",quality,The fabric quality is poor and the fitting is tight.,success,,
RT005702,ye wala shade nahi tha website pe jaldi pickup karo,colour_mismatch,The shade received was not as shown on the website.,success,,
RT005703,bhaiya very thin cloth 🙏,quality,"customer indicates the cloth is very thin, suggesting a quality issue.",success,,
RT005705,sir dont need it anymore pls return,changed_mind,customer states they don't need the item anymore.,success,,
RT005707,"photo mme maroon dikha, aaya brown",colour_mismatch,customer received a brown item instead of the expected maroon.,success,,
RT005708,"hello, kapda bahut patla hai",quality,"customer mentions the fabric is very thin, indicating a quality concern.",success,,
RT005710,sir pasand nahi aaya,unclear,customer states they did not like the item without providing a specific reason.,success,,
RT005713,sir wrong item received refund chahiye,wrong_item,Customer received the wrong item.,success,,
RT005714,mam बहुत टाइट ै refund chahiye,too_small,The item is too tight for the customer.,success,,
RT005715,अच्छा नहीं लगा !!,unclear,Customer expressed dissatisfaction without a specific reason.,success,,
RT005716,M mangaya tha bada aaya pls return,too_large,Customer received a larger size than ordered.,success,,
RT005718,mam pasand nahi aaya refund chahiye,changed_mind,Customer did not like the item.,success,,
RT005719,"material not as described, ye coton nahi lagta",quality,"The material is not as described, indicating a quality issue.",success,,
RT005723,"gift tha, unko pasad nahi aaya pls return",changed_mind,"The recipient did not like the gift, indicating a change in preference.",success,,
RT005725,"bhaiya gift tha, unko pasand nahi aaya exchange nahi chahiye",changed_mind,"The recipient did not like the gift and does not want an exchange, indicating a change in preference.",success,,
RT005726,"hello, mummy ko pasand nahi aaya",changed_mind,"The recipient's mother did not like the item, indicating a change in preference.",success,,
RT005727,"hello, gift tha, unko pasand nahi aaya refund chahiye",changed_mind,"The recipient did not like the gift and is requesting a refund, indicating a change in preference.",success,,
RT005729,"hello, tight hai",too_small,The item is described as tight.,success,,
RT005732,accidetnally order ho gaya exchange nahi chahiye,changed_mind,The customer no longer wants the item due to accidental ordering.,success,,
RT005734,sir return,unclear,The comment only states 'sir return' without a specific reason.,success,,
RT005735,hi bacchek e liye bahut bada hai very disappointed,too_large,"The item is too big for the child, leading to disappointment.",success,,
RT005736,mam accidentally order ho gaya,changed_mind,The customer no longer wants the item due to accidental ordering.,success,,
RT005740,rang halka hai bahut jaldi pickup karo,colour_mismatch,The comment indicates that the color is lighter than expected.,success,,
RT005742,mam see through hai kapda jaldi pickup karo,quality,"The comment mentions that the fabric is see-through, indicating a quality issue.",success,,
RT005743,mam hole hai sleeve pe very disappointed,damaged,"The comment states there is a hole in the sleeve, indicating damage.",success,,
RT005745,mam no !!,unclear,The comment is vague and does not provide a specific reason for the return.,success,,
RT005747,DELIVERY ME 12 DIN LAG GAYE REFUND CHAHIYE,delivery_late,"The comment explicitly states that delivery took 12 days, indicating a late delivery issue.",success,,
RT005751,ab zarurat nahih ai,unclear,The comment does not provide a specific reason for the return.,success,,
RT005752,order bahut der se mila exchange nahi chahiye,delivery_late,The comment states that the order was received very late.,success,,
RT005756,.,unclear,The comment does not provide any information.,success,,
RT005758,mind change ho gaya,changed_mind,The comment indicates a change of mind.,success,,
RT005759,sir accidentally order ho gaya !!,changed_mind,The comment indicates that the order was placed accidentally.,success,,
RT005761,"hi chhota aa gaya, size chart galat hai exchange nahi chahiye",too_small,The item is too small based on the size chart.,success,,
RT005766,"sir kurti bahut fit hai, breathe nahi kar pa rahi very disappointed",quality,The product does not allow for comfortable wear.,success,,
RT005767,"hello, size M bahut tight hai, L lena padega",too_small,"The size M is too tight, and a larger size is needed.",success,,
RT005770,"bahut late aaya, function nikal gaya 🙏",delivery_late,"The item arrived late, causing the customer to miss an event.",success,,
RT005776,not good,unclear,The comment does not specify a clear reason for the return.,success,,
RT005777,late aaya aur packet bhi phata hua,damaged,The packet is explicitly mentioned as damaged.,success,,
RT005781,pls ... exchange nahi chahiye,unclear,The comment indicates a lack of desire for exchange without specifying a reason.,success,,
RT005783,colour alag hai aur quality bhi average,colour_mismatch,The comment mentions a mismatch in color and a quality issue.,success,,
RT005784,nahi chahiye abs refund chahiye,changed_mind,The comment indicates a change of mind with a request for a refund.,success,,
RT005785,"HELLO, AB ZARURAT NAHI HAI",unclear,The comment expresses a lack of need without providing a specific reason.,success,,
RT005786,"bhaiya too small ,chest pe fit nahi hua jaldi pickup karo",too_small,The item did not fit properly as it was too small.,success,,
RT005789,😞 very disappointed,unclear,The comment expresses disappointment without a specific reason.,success,,
RT005790,"hello, silai khulih ui thi aate hi jaldi pickup karo",damaged,"The stitching was open upon arrival, indicating damage.",success,,
RT005792,sir bekar pls return,unclear,The comment states dissatisfaction without a specific reason.,success,,
RT005793,bhaiya packet geela tha kapda kharab pls return,damaged,"The package was wet and the fabric was bad, indicating damage.",success,,
RT005796,"hello, ... 🙏",unclear,Comment does not provide a specific reason for return.,success,,
RT005798,size chota hai aur kapda bhi patla,too_small,Comment indicates the size is too small and fabric is thin.,success,,
RT005801,bhaiya delivery me 12 din lag gaye,delivery_late,Comment states that delivery took 12 days.,success,,
RT005803,hi pls return,unclear,Comment does not provide a specific reason for return.,success,,
RT005806,late aaya aur packet bhi phata hua,damaged,Comment mentions that the package was torn upon delivery.,success,,
RT005810,...,unclear,Comment does not provide a specific reason for the return.,success,,
RT005813,"mam gift tha, unko pasand nahi aaya 🙏",changed_mind,The gift was not liked by the recipient.,success,,
RT005816,pls print utar raha hai,quality,"The print is coming off, indicating a quality issue.",success,,
RT005817,hi delivery me 12 din lag gaye very disappointed,delivery_late,"Delivery took 12 days, which is considered late.",success,,
RT005818,mam order bahut der se mila,delivery_late,The order was received very late.,success,,
RT005819,dont need it anymore 🙏,changed_mind,Customer no longer needs the item.,success,,
RT005821,"fabric achha nahi, fitting bhi tight",quality,Customer mentions poor fabric quality and tight fitting.,success,,
RT005824,colour alag hai aur quality bhi average,colour_mismatch,Customer states the colour is different and quality is average.,success,,
RT005827,bada hai and colour bhi photo jaisa nahi,too_large,Customer indicates the item is too large and the colour does not match the photo.,success,,
RT005828,na,unclear,Comment is vague and does not provide a specific reason.,success,,
RT005831,mind change ho gaya,changed_mind,The customer indicates a change in preference.,success,,
RT005833,"hi loose fitting, mere size ka nahi lagta 🙏",too_large,The customer mentions the item is loose fitting and not their size.,success,,
RT005835,bhaiya rang halka hai bahut jaldi pickup karo,colour_mismatch,The customer states the color is much lighter than expected.,success,,
RT005838,size chota hai aur kapda bhi patla,too_small,The customer indicates the size is small and the fabric is thin.,success,,
RT005839,bada hai and colour bhi photo jaisa nahi,too_large,The customer mentions the item is big and the color does not match the photo.,success,,
RT005840,PLS BAHUT LOSE HAI REFUND CHAHIYE,too_large,The item is too loose.,success,,
RT005843,pls M mangaya tha bada aaya exchange nahi chahiye,too_large,The customer ordered a medium size but received a larger one.,success,,
RT005847,sir size se chota h,too_small,The item is smaller than expected.,success,,
RT005848,issue hai !!,unclear,The comment is vague and does not specify the issue.,success,,
RT005850,अच्छा नहीं लगा refund chahiye,unclear,The customer expresses dissatisfaction without a specific reason.,success,,
RT005853,sir dusri jagah sasta mil gaya,changed_mind,Customer found a cheaper option elsewhere.,success,,
RT005854,HI DELIVERY ME 12 DIN LAG GAYE REFUND CHAHIYE,delivery_late,"Delivery took 12 days, customer wants a refund.",success,,
RT005855,sir colour mismatch,colour_mismatch,Customer reported a mismatch in color.,success,,
RT005857,"hi size M bahut tight hai, L lena padega pls return",too_small,"Size M is too tight, customer needs a larger size.",success,,
RT005862,time pen ahi aaya to ab kya karu,delivery_late,Customer is frustrated due to the delayed delivery.,success,,
RT005864,bhaiya ... pls return,unclear,The comment does not specify a reason for the return.,success,,
RT005868,"hello, अच्छा नहीं लगा exchange nahi chahiye",unclear,The comment expresses dissatisfaction without a specific reason.,success,,
RT005871,hi bahut tight h shoulders pe jaldi pickup karo,too_small,The comment indicates the item is too tight in the shoulders.,success,,
RT005875,"sir chhota aa gaya, size chart galat hai",too_small,The comment states the item is smaller than expected.,success,,
RT005876,"too big, ekdum dheela",too_large,The comment indicates the item is too big.,success,,
RT005877,mind cange ho gaya,changed_mind,Customer indicates a change of mind.,success,,
RT005878,hi dusri jagah sasta mli gaya 🙏,changed_mind,Customer found a cheaper option elsewhere.,success,,
RT005880,"fabric achha nahi, fitting bhi tight",quality,Customer reports poor fabric quality and tight fitting.,success,,
RT005881,"hello, length bahut zyada hai",too_large,Customer states the length is too much.,success,,
RT005883,pls ...,unclear,Comment is vague and does not specify a reason.,success,,
RT005884,dusri jagah sasta mil gaya jaldi pickup karo,changed_mind,Customer found a cheaper option elsewhere.,success,,
RT005885,sir xl bhi tight hai kya size h ye,too_small,Customer feels the XL size is still tight.,success,,
RT005887,"hello, ... !!",unclear,Comment is vague and does not provide a specific reason.,success,,
RT005889,😞,unclear,Comment is an emoji expressing dissatisfaction without details.,success,,
RT005892,pls pehli dhulai me shrink ho gaya 🙏,quality,"Product shrank after the first wash, indicating a quality issue.",success,,
RT005894,nahi chahiye bas very disappointed,unclear,Comment does not specify a clear reason for return.,success,,
RT005895,mam not good exchange nahi chahiye,unclear,Comment does not specify a clear reason for return.,success,,
RT005896,nahi chaiye bas very disappointed,unclear,Comment does not specify a clear reason for return.,success,,
RT005902,bhaiya dusri jagah sasta mil gaya 🙏,changed_mind,Customer found a cheaper option elsewhere.,success,,
RT005903,sir function cancel ho gaya pls return,changed_mind,Customer's event was canceled.,success,,
RT005904,sir packet khula thaa ur kapde pe daag hai,damaged,The package was open and the clothes had stains.,success,,
RT005905,ab zarurat nahi hai !!,changed_mind,The customer no longer needs the item.,success,,
RT005909,"pls chhota aa gaya, size chart galat hai",too_small,The item is too small and the size chart was incorrect.,success,,
RT005913,galat product aaya pls return,wrong_item,The customer received the wrong product.,success,,
RT005914,bhaiya quality bilkul  bekar very disappointed,quality,The customer is disappointed with the poor quality of the item.,success,,
RT005916,pls quality bilkul bekar jaldi pickup karo,quality,Customer indicates the product quality is very poor.,success,,
RT005917,"fabric achha nahi, fitting bhi tight",quality,Customer mentions the fabric is not good and the fitting is tight.,success,,
RT005918,pls no pls return,unclear,Comment does not provide a specific reason for return.,success,,
RT005920,colour alag hai aur quality bhi average,colour_mismatch,Customer states the color is different and quality is average.,success,,
RT005921,"sir gift tha, unko pasand nahi aaya",changed_mind,The gift was not liked by the recipient.,success,,
RT005922,pls time pe nahi aaya to ab kya krau,delivery_late,The comment indicates that the item did not arrive on time.,success,,
RT005923,"sir late delivery, mehndi ke baad aaya 🙏",delivery_late,The customer mentions late delivery specifically.,success,,
RT005924,"hi gift tha, unko pasand nahi aaya exchange nahi chahiye",changed_mind,"The gift was not liked by the recipient, and the customer does not want an exchange.",success,,
RT005925,BHAIYA MUMMY KO PASAND NAHI AAYA EXCHANGE NAHI CHAHIYE,changed_mind,"The item was not liked by the customer's mother, and they do not want an exchange.",success,,
RT005928,bhaiya return jaldi pickup karo,unclear,The comment does not provide a specific reason for the return.,success,,
RT005930,mam delivery me 12 din lag gaye refund chahiye,delivery_late,The comment states that delivery took 12 days.,success,,
RT005931,time pe nahi aaya to ab kya karu pls return,delivery_late,The comment indicates that the item did not arrive on time.,success,,
RT005939,bhaiya accidentally order ho gaya very disappointed,changed_mind,The comment mentions that the order was placed accidentally.,success,,
RT005940,ab zaruratnahi hai very disappointed,changed_mind,The comment indicates that the customer no longer needs the item.,success,,
RT005944,bhaiya बहुत टाइट है jaldi pickup karo,too_small,The comment states that the item is very tight.,success,,
RT005949,hi mind change o gaya refund chahiye,changed_mind,Customer indicates a change of mind and requests a refund.,success,,
RT005951,size chota hai aur kapda bhi patla,too_small,Customer states the size is too small and the fabric is thin.,success,,
RT005954,ab zarurat nahi hai 🙏,unclear,Customer says they no longer need the item without a specific reason.,success,,
RT005956,sir theek nahi hai jaldi pickup karo,unclear,Customer expresses dissatisfaction but does not specify the issue.,success,,
RT005958,bacche ke liye bahut bada hai refund chahiye,too_large,Customer states the item is too large for their child and requests a refund.,success,,
RT005959,pls waiist pe nahi aaya,too_large,The item did not fit at the waist.,success,,
RT005961,galat product aaya refund chahiye,wrong_item,The wrong product was received.,success,,
RT005962,"bhaiya Size small aaya, mera regula rM h very disappointed",too_small,"The size received was small, while a regular medium was expected.",success,,
RT005964,pasand nahi aaya !!,unclear,The comment indicates dissatisfaction without a specific reason.,success,,
RT005966,zip kaam nahi kar rahi 🙏,damaged,"The zipper is not functioning, indicating a product issue.",success,,
RT005967,hi issue hai pls return,unclear,The comment does not specify the reason for the return.,success,,
RT005968,LENGTH BHI KAM HAI AUR TIGHT BHI REFUND CHAHIYE,too_small,The comment indicates the item is tight and the length is short.,success,,
RT005971,bhaiya dusri jagah sasta mil gaya,changed_mind,The customer found a cheaper option elsewhere.,success,,
RT005972,hole hai sleeve pe refund chahiye,damaged,The comment mentions a hole in the sleeve.,success,,
RT005973,time pe nahi aaya t ab kya karu !!,delivery_late,The comment states that the item did not arrive on time.,success,,
RT005974,pls pls return !!,unclear,The comment does not specify a reason for the return.,success,,
RT005975,"mam Size small aaya, mera regular M h jaldi pickup karo",too_small,The customer received a size small instead of their regular medium.,success,,
RT005980,late aaya aur packet bhi phata hua,damaged,The package was late and also arrived damaged.,success,,
RT005982,smaller than usual size jaldi pickup karo,too_small,The item is smaller than the usual size.,success,,
RT005984,"photo me maroon dikha, aaya brown pls return",colour_mismatch,The item received is brown instead of the maroon shown in the photo.,success,,
RT005990,sir mustard bola tha ye to grene yellow hai exchange nahi chahiye,colour_mismatch,The customer received a different color than expected.,success,,
RT005991,"HELLO, DELIVERY ME 12 DIN LAG GAYE",delivery_late,The customer stated that delivery took 12 days.,success,,
RT005992,hi no very disappointed,unclear,The comment expresses disappointment without a specific reason.,success,,
RT005993,dont needi t anymore 🙏,changed_mind,The customer no longer needs the item.,success,,
RT005997,"HELLO, QUALITY BILKUL BKEAR",quality,The customer reported that the quality is very poor.,success,,
RT005999,sir same as before,unclear,Comment does not specify a clear reason for return.,success,,
RT006003,tgiht hai very disappointed,unclear,Comment expresses disappointment but lacks specific details.,success,,
RT006007,"wrong size bheja, M order kiya tha XL aaya jaldi pickup karo",too_large,Customer received a larger size (XL) instead of the ordered size (M).,success,,
RT006011,hi size M bahut tight hai L lena padega refund chahiye,too_small,Customer finds size M too tight and wants to exchange for size L.,success,,
RT006013,size chota hai aur kapda bhi patla,too_small,Customer states the size is small and the fabric is thin.,success,,
RT006014,bhaiya length bhi kam hai aur tight bhi jaldi pickup karo,too_small,The customer mentions the length is short and it is tight.,success,,
RT006015,"mam wrong size bheja, M order kiya tha XL aaya !!",wrong_item,"The customer received the wrong size, ordered M but received XL.",success,,
RT006018,pls acha nahi laga jaldi pickup karo,unclear,The comment states dissatisfaction without a specific reason.,success,,
RT006019,size chota hai aur kapda bhi patla,too_small,The customer indicates the size is small and the fabric is thin.,success,,
RT006020,ab zarurat nahi hai 🙏,changed_mind,The customer states they no longer need the item.,success,,
RT006024,na,unclear,The comment does not provide a specific reason for the return.,success,,
RT006027,MAM DELIVERY ME 12 DIN LAG GAYE VERY DISAPPOINTED,delivery_late,The comment explicitly states that the delivery was very late.,success,,
RT006032,... pls return,unclear,The comment does not provide a specific reason for the return.,success,,
RT006033,mam size chart se bada nikla jaldi pickup karo,too_large,The comment indicates that the item is larger than expected based on the size chart.,success,,
RT006034,MAM OVERSIZED LAG RAHA HAI JABKI REGULAR FIT LIKHA THA !!,too_large,The comment states that the item is oversized despite being labeled as regular fit.,success,,
RT006036,size chota hai aur kapda bhi patla,too_small,The size is too small and the fabric is thin.,success,,
RT006037,"fabric achha nahi, fitting bhi tight",quality,The fabric quality is poor and the fitting is tight.,success,,
RT006041,"pls chhota aa gaya, size chart galat hai exchange nahi chahiye",changed_mind,The size is small and the size chart is incorrect; the customer does not want an exchange.,success,,
RT006042,not as expected !!,unclear,The comment states 'not as expected' without specific details.,success,,
RT006043,sir sleeves tight hai arms me pls return,too_small,The sleeves are tight on the arms.,success,,
RT006047,SIR AB ZARURAT NAHI HAI JALDI PICKUP KARO,changed_mind,Customer no longer needs the item.,success,,
RT006050,"sir size M bahut tight hai, L lena padega exchange nahi chahiye",too_small,Size M is too tight; customer needs a larger size.,success,,
RT006051,late aaya aur packet bhi phata hua,damaged,The package was damaged upon arrival.,success,,
RT006053,DELIVERY ME 12 DIN LAG GAYE,delivery_late,Delivery took 12 days.,success,,
RT006054,sir 😞 very disappointed,unclear,Customer expresses disappointment without a specific reason.,success,,
RT006055,"bahut late aaya, function nikal gaya",delivery_late,"The item arrived very late, causing the function to be missed.",success,,
RT006056,mind change ho gaya !!,changed_mind,The customer indicated a change of mind.,success,,
RT006058,sir theek nahi hai,unclear,The comment does not specify a clear reason for the return.,success,,
RT006059,colour alag hai aur quality bhi average,quality,The customer mentioned both a color mismatch and average quality.,success,,
RT006060,late aaya aur packet bhi phata hua,damaged,The package was damaged upon arrival.,success,,
RT006064,hi time pe nahi aaya to ab kya aru jaldi pickup karo,delivery_late,The comment states that the item did not arrive on time.,success,,
RT006068,"hello, galat product aaya jaldi pickup karo",wrong_item,The comment indicates that the wrong product was received.,success,,
RT006069,bada hai and colour bhi photo jaisa nahi,colour_mismatch,The comment mentions that the size is too large and the color does not match the photo.,success,,
RT006070,"hello, no !!",unclear,The comment does not provide a specific reason for the return.,success,,
RT006073,order bahut er se mila,delivery_late,The comment indicates that the order was received very late.,success,,
RT006074,size se chota h exchange nahi chahiye,too_small,The item is smaller than expected.,success,,
RT006075,😞,unclear,The comment does not provide a specific reason.,success,,
RT006076,SIR ORDER BAHUT DER SE MILA 🙏,delivery_late,The order was received very late.,success,,
RT006078,image me bright tha rela me dull hai,colour_mismatch,The item received is dull compared to the bright image.,success,,
RT006081,bhaiya functon cancel ho gaya very disappointed,changed_mind,"The function was canceled, leading to a change of mind.",success,,
RT006084,pls bekar,unclear,The comment does not provide a specific reason for the return.,success,,
RT006085,mam silai khuli hui thi aate hi,damaged,The comment indicates that the stitching was open upon arrival.,success,,
RT006086,bhaiya accidentally order ho gaya !!,changed_mind,The comment indicates that the order was placed accidentally.,success,,
RT006087,hi overssized lag raha hai jabki regular fit likha tha,too_large,The comment states that the item feels oversized despite being labeled as regular fit.,success,,
RT006092,sir mindd change ho gaya,changed_mind,The comment indicates a change of mind regarding the purchase.,success,,
RT006096,"bahut late aaya, function nikal gyaa jaldi pickup karo",delivery_late,The comment states that the item arrived very late.,success,,
RT006101,mam nahi chahiye bas exchange nahi chahiye,unclear,The comment does not provide a specific reason for the return.,success,,
RT006104,hi size chota hai !!,too_small,The comment indicates that the size is too small.,success,,
RT006105,kapda bahut patla hai very disappointed,quality,The comment expresses disappointment with the thinness of the fabric.,success,,
RT006107,pls beti ke liye liya tha chhota pad gaya,too_small,The comment indicates that the item is too small for the intended recipient.,success,,
RT006110,mam colour mismatch,colour_mismatch,Customer mentioned a mismatch in color.,success,,
RT006111,mam return,unclear,Comment does not specify a reason for return.,success,,
RT006113,mummy ko pasand nahi aaya,changed_mind,Customer's family member did not like the item.,success,,
RT006116,"HELLO, CHHOTA AA GAYA, SIZE CHART GALAT HAI",too_large,Customer received a smaller size than expected.,success,,
RT006118,bhaiya phata hua aaya,damaged,Customer received a torn item.,success,,
RT006120,zip kaam nahi kar rahi,damaged,"The zip is not functioning, indicating a product defect.",success,,
RT006121,oversiezd lag raha hai jabki regular fit likha tha,too_large,The item is oversized despite being labeled as regular fit.,success,,
RT006122,bada hai and colour bhi photo jaisa nahi,colour_mismatch,The size is too big and the color does not match the photo.,success,,
RT006124,"hello, size se chota h exchange nahi chahiye",too_small,The item is smaller than expected and the customer does not want an exchange.,success,,
RT006125,colour alag hai aur quality bhi average,colour_mismatch,The color is different and the quality is average.,success,,
RT006126,mam delivery me 12 din lag gaye pls return,delivery_late,Customer states that delivery took 12 days.,success,,
RT006127,bhaiya ab zarurat nahi hai,changed_mind,Customer indicates they no longer need the item.,success,,
RT006128,bahut loose hai 🙏,too_large,Customer mentions the item is very loose.,success,,
RT006130,theek nahi hai,unclear,Customer states the item is not okay without specifying a reason.,success,,
RT006131,ye wala shade nahi tha website pe exchange nahi chahiye,colour_mismatch,Customer indicates the shade received is not as shown on the website.,success,,
RT006132,SIR THEEK NAHI HAI REFUND CHAHIYE,unclear,The comment does not specify a clear reason for the return.,success,,
RT006133,late aaya aur packet bhi phata hua,damaged,The package was explicitly mentioned as damaged.,success,,
RT006135,dusri jagah sasta mil gaya,changed_mind,The customer found the item cheaper elsewhere.,success,,
RT006139,TIME PE NAHI AAYA TO AB KYA KARU JALDI PICKUP KARO,delivery_late,The comment states that the delivery was late.,success,,
RT006144,sir function cancel ho gaya exchange nahi chahiye,changed_mind,The customer no longer needs the item due to a canceled event.,success,,
RT006147,bhaiya not good,unclear,Comment does not specify a clear reason for return.,success,,
RT006150,mind change ho gaya jaldi pickup karo,changed_mind,Customer indicates a change of mind.,success,,
RT006155,"pls gift tha, unko pasand nahi aaya pls return",changed_mind,The gift was not liked by the recipient.,success,,
RT006156,bhaiya order bahut der se mila 🙏,delivery_late,Customer states the order was received very late.,success,,
RT006158,hi time pe nahi aaya to ab kyakaru !!,delivery_late,Customer mentions the order did not arrive on time.,success,,
RT006161,sir fuction cancel ho gaya refund chahiye,changed_mind,"The event was cancelled, and the customer wants a refund.",success,,
RT006163,pink mangaya ta peach aaya refund chahiye,wrong_item,The customer received a peach item instead of the ordered pink one.,success,,
RT006164,pasand nahi aaya exchange nahi chahiye,unclear,The customer did not like the item but did not provide a specific reason.,success,,
RT006166,late aaya aur packet bhi phata hua,damaged,The package was late and also arrived damaged.,success,,
RT006167,pls no,unclear,The comment is vague and does not specify a reason.,success,,
RT006168,pls theek nahi hai refund chahiye,unclear,Comment does not specify a clear reason for return.,success,,
RT006171,mam theek nahi hai !!,unclear,Comment does not specify a clear reason for return.,success,,
RT006172,mustard bola tha ye to green yellow hai,colour_mismatch,Customer received a different color than ordered.,success,,
RT006180,"hello, rang halka hia bahut exchange nahi chahiye",colour_mismatch,Customer indicates the color is not as expected.,success,,
RT006183,bhaiya ordered L but feels like S refund chahiye,too_small,Customer ordered a larger size but received a smaller fit.,success,,
RT006184,colour fade sa hai photo jaisa nahi jaldi pickup karo,colour_mismatch,The customer mentions that the color has faded and does not match the photo.,success,,
RT006185,hi time pe nahi aaya to abkya karu,delivery_late,The customer states that the item did not arrive on time.,success,,
RT006186,mam reurn,unclear,The comment is vague and does not provide a specific reason for the return.,success,,
RT006188,sir dont need it anymore very disappointed,changed_mind,The customer indicates they no longer need the item and expresses disappointment.,success,,
RT006192,size bada hai pls return,too_large,The customer states that the size is too large.,success,,
RT006196,image me bright tha real me dull hai !!,colour_mismatch,The product's color in reality does not match the image.,success,,
RT006198,pasan nahi aaya,unclear,The comment states dissatisfaction without a specific reason.,success,,
RT006199,"HELLO, SHOULDERS GI RAHE HAIN ITNA LOOSE EXCHANGE NAHI CHAHIYE",too_large,The item is too loose for the customer.,success,,
RT006200,"hello, acha nahi laga",unclear,The comment expresses dissatisfaction without a specific reason.,success,,
RT006201,sir dont need it anymore,changed_mind,The customer no longer needs the item.,success,,
RT006205,bhaiya order bahut der se mila,delivery_late,The order was received very late.,success,,
RT006206,sir ab zarurat nahi hai jaldi pickup karo,changed_mind,The customer no longer needs the item.,success,,
RT006209,print utar raha hai exchange nahi chahiye,quality,"The print is coming off, indicating a quality issue.",success,,
RT006210,"gift tha, unko pasand nahi aaya refund chahiye",changed_mind,The gift was not liked by the recipient.,success,,
RT006212,sir image me bright tha real me dull hai refund chahiye,colour_mismatch,The item received is dull compared to the bright image.,success,,
RT006216,sir mind change ho gaya,changed_mind,Customer indicates a change of mind.,success,,
RT006219,bahut loose hai,too_large,Customer states the item is very loose.,success,,
RT006222,PLS DUSRI JAGAH SASTA MIL GYAA PLS RETURN,changed_mind,Customer found a cheaper option elsewhere.,success,,
RT006223,hi rang halka hai bahut jaldi pickup karo,colour_mismatch,Customer mentions the color is lighter than expected.,success,,
RT006224,order bahut der se mila,delivery_late,Customer states the order was received very late.,success,,
RT006225,PLS 😞,unclear,The comment does not provide a specific reason for the return.,success,,
RT006231,pls return refund chahiye,changed_mind,"The customer is requesting a return and refund, indicating a change in preference.",success,,
RT006233,colour alag hai aur quality bhi average,colour_mismatch,The customer mentions that the colour is different and also notes average quality.,success,,
RT006235,tight ai,too_small,"The customer states that the item is tight, indicating it is too small.",success,,
RT006237,YE WALA SHADE NAHI THA WEBSITE PE,colour_mismatch,The customer indicates that the shade received is not the same as shown on the website.,success,,
RT006238,colour alag hai aur quality bhi average,colour_mismatch,The comment indicates a mismatch in color and mentions average quality.,success,,
RT006239,bhaiya see through ha kapda,quality,"The comment states that the fabric is see-through, indicating a quality issue.",success,,
RT006241,sir अच्छा नहीं लगा 🙏,unclear,The comment expresses dissatisfaction without a specific reason.,success,,
RT006242,delivery me 12 din lag gaye,delivery_late,The comment states that delivery took 12 days.,success,,
RT006243,bhaiya order bahut der se mila very disappointed,delivery_late,The comment indicates disappointment due to late delivery.,success,,
RT006244,अच्छा नहीं लगा jaldi pickup karo,unclear,The comment indicates dissatisfaction without a specific reason.,success,,
RT006245,pls mummy ko pasand nahi aaya,changed_mind,The item was not liked by the customer's mother.,success,,
RT006246,MAM ACCIDENTALLY ORDER HO GYAA,changed_mind,The order was placed accidentally.,success,,
RT006248,acha nahi laga,unclear,The comment indicates dissatisfaction without a specific reason.,success,,
RT006251,"hello, xl bhi tight hai kya size h ye very disappointed",too_small,The customer finds the XL size to be tight.,success,,
RT006257,sir doosra colour bhej diya pls return,wrong_item,The customer received the wrong color.,success,,
RT006258,oversized lag rha hai jabki regular fit likha tha,too_large,The item is oversized despite being labeled as regular fit.,success,,
RT006261,sir packet geela tha kapda kharab refund chahiye,damaged,The package was wet and the fabric is damaged.,success,,
RT006263,NO PLS RETURN,unclear,The comment does not provide a specific reason for the return.,success,,
RT006265,sir mind change ho gaya jaldi pickup karo,changed_mind,The customer indicates a change of mind.,success,,
RT006266,pls time pe nahi aaya to ab kya karu,delivery_late,The comment states that the item did not arrive on time.,success,,
RT006267,sir image me bright tha real me dull hai,colour_mismatch,The comment indicates that the color of the item is dull compared to the image.,success,,
RT006268,pls 😞 🙏,unclear,The comment does not provide a specific reason for the return.,success,,
RT006273,late aaya aur packet bhi phata hua,damaged,The comment mentions that the package was torn upon arrival.,success,,
RT006274,"fabric achha nahi, fitting bhi tight",quality,The comment indicates issues with the fabric quality and fitting.,success,,
RT006276,color s different from image !!,colour_mismatch,The color is different from the image.,success,,
RT006278,hi nahi chahiye bas exchange nahi chahiye,unclear,The comment does not provide a specific reason for the return.,success,,
RT006279,size bada hai,too_large,The size is too large.,success,,
RT006280,hi stain mila delivery pe exchange nahi chahiye,damaged,The item was received with a stain.,success,,
RT006282,size chota hai aur kapda bhi patla,too_small,The size is too small and the fabric is thin.,success,,
RT006285,"hi kurti bahut fit hai, breathe nahi kar pa rahi",too_small,"The customer is unable to breathe properly, indicating the item is too tight.",success,,
RT006289,SIZE CHART SE BADA NIKLA,too_large,The item is larger than expected based on the size chart.,success,,
RT006290,hi accidentally order ho gaya refund chahiye,changed_mind,The customer accidentally ordered the item and is requesting a refund.,success,,
RT006293,bhaiya colour mismatch !!,colour_mismatch,The customer explicitly mentions a mismatch in color.,success,,
RT006294,bhaiya very thin coth pls return,quality,"The customer describes the fabric as very thin, indicating a quality concern.",success,,
RT006295,pls pnk mangaya tha peach aaya !!,wrong_item,The customer received a peach item instead of the ordered pink.,success,,
RT006296,mam orde bahut der se mila 🙏,delivery_late,The order was received very late.,success,,
RT006299,"hello, late delivery, mehndi ke baad aaya 🙏",delivery_late,"The delivery was late, arriving after the mehndi event.",success,,
RT006300,sir function cancel ho gaya pls return,changed_mind,The customer wants to return the item because the function was canceled.,success,,
RT006302,"sir bahut late aaya, function nikal gaya",delivery_late,"The item arrived very late, after the function had already occurred.",success,,
RT006304,sleeves tight hai arms me very disappointed,too_small,The customer indicates that the sleeves are tight.,success,,
RT006307,XL bhi tight hai kya size h ye refund chahiye,too_small,The customer states that even the XL size is tight.,success,,
RT006311,mam pink amngaya tha peach aaya !!,colour_mismatch,The customer received a peach item instead of the ordered pink.,success,,
RT006315,same as bfeore very disappointed,unclear,The comment expresses disappointment without a specific reason.,success,,
RT006320,mam quality achhi nahi hai,quality,The customer mentions that the quality is not good.,success,,
RT006321,bhaiya sleeve tight hai arms me very disappointed,too_small,"The sleeves are tight, indicating the item is too small.",success,,
RT006323,mummy ok pasand nahi aaya jaldi pickup karo,changed_mind,The customer's mother did not like the item.,success,,
RT006327,bada hai and colour bhi photo jaisa nahi,colour_mismatch,The item is larger than expected and the color does not match the photo.,success,,
RT006330,sir साइज़ छोटा है,too_small,The size is small.,success,,
RT006331,bahut loose hai very disappointed,too_large,"The item is very loose, indicating it is too large.",success,,
RT006336,DUSRI JAGAH SASTA MIL GAYA JALDI PICKUP KARO,changed_mind,Customer found a cheaper option elsewhere.,success,,
RT006337,HI AB ZARURAT NAHI HIA EXCHANGE NAHI CHAHIYE,changed_mind,Customer no longer needs the item and does not want to exchange.,success,,
RT006340,"bahut late aaya, function nikal gaya",delivery_late,"Delivery was late, and the customer missed their function.",success,,
RT006341,sir size chota hai,too_small,Customer states the size is too small.,success,,
RT006353,mam ... exchange nahi chahiye,changed_mind,Customer does not want to exchange.,success,,
RT006355,bada hai and colour bhi photo jaisa nahi,colour_mismatch,The colour does not match the photo and the item is too large.,success,,
RT006356,hi ftiting bahut tight hai yaar,too_small,The fitting is too tight.,success,,
RT006357,bada hai and colour bhi photo jaisa nahi,colour_mismatch,The colour does not match the photo and the item is too large.,success,,
RT006358,"mam kurti bahut fit hai, breathe nahi kar pa rahi",too_small,The kurti is too tight to breathe comfortably.,success,,
RT006362,mind change ho gaya,changed_mind,The customer has changed their mind.,success,,
RT006365,shoulders gir rahe hain itna loose !!,too_large,The item is too loose at the shoulders.,success,,
RT006369,hi pl return refund chahiye,unclear,The comment does not specify a reason for the return.,success,,
RT006374,"HELLO, QUALITY BILKUL BEKAR VERY DISAPPOINTED",quality,The customer explicitly mentions poor quality.,success,,
RT006376,"fabric achha nahi, fitting bhi tight",quality,The comment indicates issues with fabric quality and fitting.,success,,
RT006378,अच्छा नहीं लगा,unclear,The comment does not provide a specific reason for dissatisfaction.,success,,
RT006379,HI QUALITY ACHHI NAHI HAI PLS RETURN,quality,Customer states the quality is not good.,success,,
RT006381,pls kapda bahut patla hai,quality,Customer mentions the fabric is very thin.,success,,
RT006384,"fabric achha nahi, fitting bhi tight",quality,Customer complains about poor fabric and tight fitting.,success,,
RT006385,sir ok exchange nahi chahiye,changed_mind,Customer indicates they do not want the exchange.,success,,
RT006386,pls very thin cloth,quality,Customer states the cloth is very thin.,success,,
RT006392,sir button tootta hua tha 🙏,damaged,The button was broken.,success,,
RT006393,mam pls rreturn,unclear,The comment does not specify a reason for return.,success,,
RT006395,mam ab zarurat nahi hai,changed_mind,The customer no longer needs the item.,success,,
RT006398,"HELLO, REUTRN VERY DISAPPOINTED",unclear,The comment expresses disappointment but does not specify a reason.,success,,
RT006403,"bahut late aaya, function nikal gaya",delivery_late,"The item arrived very late, causing the function to be missed.",success,,
RT006404,length bhi kam hai aur tight bhi jaldi pickup karo,too_small,The item is too tight and short.,success,,
RT006405,bhaiya zip kaam nahi kar ahi,damaged,The zip is not functioning.,success,,
RT006409,"fabric achha nahi, fitting bhi tight",quality,The fabric quality is poor and the fitting is tight.,success,,
RT006411,pls bahut loose hai exchange nahi chahiye,too_large,The item is very loose and the customer does not want an exchange.,success,,
RT006413,late aaya aur packet bhi phata hua,damaged,The package arrived late and was also torn.,success,,
RT006414,MUSTARD BOLA THA YE TO GREEN YELLOW HAI PLS RETURN,colour_mismatch,The customer received a different color than expected.,success,,
RT006415,sir size bada hai 🙏,too_large,The customer states that the size is too big.,success,,
RT006416,"BHAIYA SIZE M BAHUT TIGHT HAI, L LENA PADEGA EXCHANGE NAHI CHAHIYE",too_small,The customer mentions that the size is too tight.,success,,
RT006421,sir order bahut der se ila very disappointed,delivery_late,The customer is disappointed due to late delivery.,success,,
RT006430,sir hole  hai sleeve pe,damaged,The customer reports a hole in the sleeve.,success,,
RT006432,"loose fitting, mere size kan ahi lagta very disappointed",too_large,The comment indicates that the item is loose fitting and does not fit well.,success,,
RT006436,SAME AS BEFORE VERY DISAPPOINTED,unclear,The comment expresses disappointment but does not specify a clear reason.,success,,
RT006438,sir size se chota h very disappointed,too_small,The comment states that the size is smaller than expected.,success,,
RT006439,bhaiya mind change ho gaya !!,changed_mind,The comment indicates a change of mind regarding the purchase.,success,,
RT006440,"hello, size chotahai pls return",too_small,The comment indicates that the size is too small.,success,,
RT006442,mam too loose at waist very disappointed,too_large,The item is too loose at the waist.,success,,
RT006443,bacche ke liye bahut bada hai refund chahiye,too_large,The item is too big for the child.,success,,
RT006444,sleeves tight ha iarms me jaldi pickup karo,too_small,The sleeves are tight in the arms.,success,,
RT006447,function cancel ho gaya !!,changed_mind,The function was canceled.,success,,
RT006450,pls return very disappointed,unclear,The comment expresses disappointment without a specific reason.,success,,
RT006451,"SIZE M BAHUT TIGHT HAI, L LENA PADEGA VERY DISAPPOINTED",too_small,Customer finds size M too tight and needs a larger size.,success,,
RT006452,sir image me bright tha real me dull hai pls return,colour_mismatch,Customer expected a bright color as per the image but received a dull one.,success,,
RT006454,late aaya aur packet bhi phata hua,damaged,The package was damaged upon arrival.,success,,
RT006455,mam mustard bola tha ye to green yellow hai !!,colour_mismatch,Customer received a green-yellow item instead of the mustard color ordered.,success,,
RT006456,oversized lag raha hai jabki regular fit likha tha refund chahiye,too_large,Customer finds the item oversized despite it being labeled as regular fit.,success,,
RT006460,"hi bahut late aaya, function nikal gaya !!",delivery_late,"The item was delivered late, causing the function to be missed.",success,,
RT006461,TOO LOOSE AT WAIST,too_large,The item is too loose at the waist.,success,,
RT006463,mam dont need it anymore very disappointed,unclear,The comment indicates disappointment but does not specify a clear reason.,success,,
RT006469,mustard bola tha ye to green yellow hia exchange nahi chahiye,colour_mismatch,The customer received a different color than what was ordered.,success,,
RT006470,pls order bahut der se mila !!,delivery_late,The item was received very late.,success,,
RT006471,late aaya aur packet bhi phata hua,damaged,The package was damaged upon arrival.,success,,
RT006472,packet khula tha aur kapde pe daag hai,damaged,The package was open and the clothes had a stain.,success,,
RT006477,beti ke liye liya tha chhota pad gaya pls return,too_small,The item was too small for the intended recipient.,success,,
RT006478,"hello, साइज़ छोटा है",too_small,The size is small.,success,,
RT006479,HI FUCNTION CANCEL HO GAYA REFUND CHAHIYE,changed_mind,"The function was canceled, and a refund is requested.",success,,
RT006482,"MAM SIZE SMALL AAYA, MERA REGULAR M H",too_small,The customer received a smaller size than expected.,success,,
RT006483,"bhaiya loose fitting, meer size ka nahi lagta",too_large,The customer found the fitting to be loose and not the correct size.,success,,
RT006484,hi silai khuli hui thi aate hi 🙏,damaged,The customer reported that the stitching was open upon arrival.,success,,
RT006486,dont need it anyymore jaldi pickup karo,changed_mind,The customer no longer needs the item.,success,,
RT006487,"mam chhota aa gaya, size chart galat hai 🙏",too_small,"The customer received a smaller size than expected, indicating a size chart issue.",success,,
RT006489,hi delivery me 12 din lag gaye jaldi pickup karo,delivery_late,Customer states that delivery took 12 days.,success,,
RT006491,NAHI CHAHIYEB AS JALDI PICKUP KARO,unclear,Comment does not provide a specific reason for return.,success,,
RT006492,"hello, function cancel ho gaya",changed_mind,Customer indicates that the function was canceled.,success,,
RT006494,mam accidentally order ho gaay exchange nahi chahiye,changed_mind,Customer states the order was made accidentally and does not want an exchange.,success,,
RT006496,ek wash me rang chala gaya pls return,quality,Customer reports that the color faded after one wash.,success,,
RT006498,mummy ko pasand nahi aaya exchange nahi chahiye,changed_mind,Customer's mother did not like the item and they do not want an exchange.,success,,
RT006499,bhaiya fabric rough hai skin pe chubhta hai,quality,The fabric is rough and irritates the skin.,success,,
RT006501,ok,unclear,Comment is vague and does not specify a reason.,success,,
RT006504,time pe nahi aaya to ab kya karu,delivery_late,The item did not arrive on time.,success,,
RT006505,hi pasand nahi aaya,unclear,Customer simply states they did not like the item without further details.,success,,
RT006509,hi pasand nai aaya,unclear,Comment indicates dissatisfaction without a specific reason.,success,,
RT006514,"hello, fitting bahut tight hai yaar",too_small,Comment indicates the item is too tight.,success,,
RT006520,bahut tight h shoulders pe jaldi pickup karo,too_small,Comment indicates the item is too tight at the shoulders.,success,,
RT006521,mam dont need it anymore exchange nahi chahiye,changed_mind,Comment indicates the customer no longer needs the item.,success,,
RT006522,mind change ho gaya refund chahiye,changed_mind,Comment indicates a change of mind regarding the purchase.,success,,
RT006523,-,unclear,Comment does not provide a specific reason for the return.,success,,
RT006524,"hello, ordered L but feels like S",too_small,Customer feels the ordered size L fits like S.,success,,
RT006526,sir M mangaya tha bada aya !!,too_large,Customer received a larger size than ordered (M instead of S).,success,,
RT006527,"hello, fabric rough hai skin pe chubhta hai !!",quality,Customer reports the fabric is rough and irritating to the skin.,success,,
RT006533,size chota hai 🙏,too_small,Customer states the size is too small.,success,,
RT006536,hi ye wala shade nahi tha website pe very disappointed,colour_mismatch,The shade received did not match the one shown on the website.,success,,
RT006538,dont need it anymore exchange nahi chahiye,changed_mind,The customer no longer needs the item and does not want an exchange.,success,,
RT006539,bhaiya delivery me 12 din lag gaye 🙏,delivery_late,"The delivery took 12 days, which is considered late.",success,,
RT006540,bhaiya ab zarurat nahi hai jaldi pickup karo,changed_mind,The customer no longer needs the item.,success,,
RT006541,"fabric achha nahi, fitting bhi tight",quality,The fabric quality is poor and the fitting is tight.,success,,
RT006542,issue hai,unclear,The comment does not specify a clear reason for the return.,success,,
RT006551,late aaya aur packet bhi phata hua,damaged,The package was damaged upon delivery.,success,,
RT006556,hi pehli dhulai me shrink ho gaya jaldi pickup karo,quality,"The product shrank after the first wash, indicating a quality issue.",success,,
RT006557,अच्छा नहीं ललगा exchange nahi chahiye,unclear,The comment expresses dissatisfaction without a specific reason.,success,,
RT006559,hi function cancel ho gaya,changed_mind,The return is due to a cancellation of the function.,success,,
RT006562,PLS PLS RETURN PLS RETURN,unclear,The comment does not specify a reason for the return.,success,,
RT006563,BHAIYA 😞 !!,unclear,The comment expresses dissatisfaction but does not provide a specific reason.,success,,
RT006564,"fabric achha nahi, fitting bhi tight",quality,The comment identifies issues with the fabric quality and fitting.,success,,
RT006566,bhaiya dont need it anymore exchange nahi chahiye,changed_mind,The comment indicates that the customer no longer needs the item.,success,,
RT006567,size chota hai aur kapda bhi patla,too_small,The comment states that the size is small and also mentions the fabric quality.,success,,
RT006568,"bhaiya wrong size bheja, M order kiya tha XL aaya jaldi pickup karo",too_large,The customer received a larger size (XL) instead of the ordered size (M).,success,,
RT005106,"kurti bahut fit hai, breathe nahi kar pa rahi refund chahiye",too_small,"Customer says the kurti is too tight/fitted and they cannot breathe, indicating the item is too small for them.",success,anthropic/claude-sonnet-4.6,
RT005113,sir size bada hai very disappointed,too_large,"Customer explicitly states the size is big (bada), indicating the item is too large.",success,anthropic/claude-sonnet-4.6,
